policy_version,workflow_id,mutation_level,mutation_seed,policy_seed,success,episode_return,decisions,wrong_actions,invalid_actions,execution_failures,terminated,truncated,reward_version
phase9-heuristic-v1,LOGIN,0,11,0,False,-10.0,20,18,0,0,False,True,phase8-v1
phase9-heuristic-v1,LOGIN,0,22,0,False,-10.0,20,18,0,0,False,True,phase8-v1
phase9-heuristic-v1,LOGIN,0,33,0,False,-10.0,20,18,0,0,False,True,phase8-v1
phase9-heuristic-v1,LOGIN,0,44,0,False,-10.0,20,18,0,0,False,True,phase8-v1
phase9-heuristic-v1,LOGIN,0,55,0,False,-10.0,20,18,0,0,False,True,phase8-v1
phase9-heuristic-v1,LOGIN,1,11,0,False,-10.0,20,18,0,0,False,True,phase8-v1
phase9-heuristic-v1,LOGIN,1,22,0,False,-10.0,20,18,0,0,False,True,phase8-v1
phase9-heuristic-v1,LOGIN,1,33,0,False,-10.0,20,18,0,0,False,True,phase8-v1
phase9-heuristic-v1,LOGIN,1,44,0,False,-10.0,20,18,0,0,False,True,phase8-v1
phase9-heuristic-v1,LOGIN,1,55,0,False,-10.0,20,18,0,0,False,True,phase8-v1
phase9-heuristic-v1,LOGIN,2,11,0,False,-10.0,20,18,0,0,False,True,phase8-v1
phase9-heuristic-v1,LOGIN,2,22,0,False,-10.0,20,18,0,0,False,True,phase8-v1
phase9-heuristic-v1,LOGIN,2,22,0,False,-10.0,20,18,0,0,False,True,phase8-v1
phase9-heuristic-v1,LOGIN,2,33,0,False,-10.0,20,18,0,0,False,True,phase8-v1
phase9-heuristic-v1,LOGIN,2,33,0,False,-10.0,20,18,0,0,False,True,phase8-v1
phase9-heuristic-v1,LOGIN,2,44,0,False,-10.0,20,18,0,0,False,True,phase8-v1
phase9-heuristic-v1,LOGIN,2,44,0,False,-10.0,20,18,0,0,False,True,phase8-v1
phase9-heuristic-v1,LOGIN,2,55,0,False,-10.0,20,18,0,0,False,True,phase8-v1
phase9-heuristic-v1,LOGIN,2,55,0,False,-10.0,20,18,0,0,False,True,phase8-v1
phase9-heuristic-v1,LOGIN,3,11,0,False,-10.0,20,18,0,0,False,True,phase8-v1
phase9-heuristic-v1,LOGIN,3,11,0,False,-10.0,20,18,0,0,False,True,phase8-v1
phase9-heuristic-v1,LOGIN,3,22,0,False,-10.0,20,18,0,0,False,True,phase8-v1
phase9-heuristic-v1,LOGIN,3,22,0,False,-10.0,20,18,0,0,False,True,phase8-v1
phase9-heuristic-v1,LOGIN,3,33,0,False,-10.0,20,18,0,0,False,True,phase8-v1
phase9-heuristic-v1,LOGIN,3,33,0,False,-10.0,20,18,0,0,False,True,phase8-v1
phase9-heuristic-v1,LOGIN,3,44,0,False,-10.0,20,18,0,0,False,True,phase8-v1
phase9-heuristic-v1,LOGIN,3,44,0,False,-10.0,20,18,0,0,False,True,phase8-v1
phase9-heuristic-v1,LOGIN,3,55,0,False,-10.0,20,18,0,0,False,True,phase8-v1
phase9-heuristic-v1,LOGIN,3,55,0,False,-10.0,20,18,0,0,False,True,phase8-v1
phase9-heuristic-v1,LOGIN,4,11,0,False,-10.0,20,18,0,0,False,True,phase8-v1
phase9-heuristic-v1,LOGIN,4,11,0,False,-10.0,20,18,0,0,False,True,phase8-v1
phase9-heuristic-v1,LOGIN,4,22,0,False,-10.0,20,18,0,0,False,True,phase8-v1
phase9-heuristic-v1,LOGIN,4,22,0,False,-10.0,20,18,0,0,False,True,phase8-v1
phase9-heuristic-v1,LOGIN,4,33,0,False,-10.0,20,18,0,0,False,True,phase8-v1
phase9-heuristic-v1,LOGIN,4,33,0,False,-10.0,20,18,0,0,False,True,phase8-v1
phase9-heuristic-v1,LOGIN,4,44,0,False,-10.0,20,18,0,0,False,True,phase8-v1
phase9-heuristic-v1,LOGIN,4,44,0,False,-10.0,20,18,0,0,False,True,phase8-v1
phase9-heuristic-v1,LOGIN,4,55,0,False,-10.0,20,18,0,0,False,True,phase8-v1
phase9-heuristic-v1,LOGIN,4,55,0,False,-10.0,20,18,0,0,False,True,phase8-v1
phase9-heuristic-v1,LOGIN,5,11,0,False,-10.0,20,18,0,0,False,True,phase8-v1
phase9-heuristic-v1,LOGIN,5,11,0,False,-10.0,20,18,0,0,False,True,phase8-v1
phase9-heuristic-v1,LOGIN,5,22,0,False,-10.0,20,18,0,0,False,True,phase8-v1
phase9-heuristic-v1,LOGIN,5,22,0,False,-10.0,20,18,0,0,False,True,phase8-v1
phase9-heuristic-v1,LOGIN,5,33,0,False,-10.0,20,18,0,0,False,True,phase8-v1
phase9-heuristic-v1,LOGIN,5,33,0,False,-10.0,20,18,0,0,False,True,phase8-v1
phase9-heuristic-v1,LOGIN,5,44,0,False,-10.0,20,18,0,0,False,True,phase8-v1
phase9-heuristic-v1,LOGIN,5,44,0,False,-10.0,20,18,0,0,False,True,phase8-v1
phase9-heuristic-v1,LOGIN,5,55,0,False,-10.0,20,18,0,0,False,True,phase8-v1
phase9-heuristic-v1,LOGIN,5,55,0,False,-10.0,20,18,0,0,False,True,phase8-v1
phase9-heuristic-v1,LOGIN,6,11,0,False,-10.0,20,18,0,0,False,True,phase8-v1
phase9-heuristic-v1,LOGIN,6,11,0,False,-10.0,20,18,0,0,False,True,phase8-v1
phase9-heuristic-v1,LOGIN,6,22,0,False,-10.0,20,18,0,0,False,True,phase8-v1
phase9-heuristic-v1,LOGIN,6,22,0,False,-10.0,20,18,0,0,False,True,phase8-v1
phase9-heuristic-v1,LOGIN,6,33,0,False,-10.0,20,18,0,0,False,True,phase8-v1
phase9-heuristic-v1,LOGIN,6,33,0,False,-10.0,20,18,0,0,False,True,phase8-v1
phase9-heuristic-v1,LOGIN,6,44,0,False,-10.0,20,18,0,0,False,True,phase8-v1
phase9-heuristic-v1,LOGIN,6,44,0,False,-10.0,20,18,0,0,False,True,phase8-v1
phase9-heuristic-v1,LOGIN,6,55,0,False,-10.0,20,18,0,0,False,True,phase8-v1
phase9-heuristic-v1,SEARCH,0,11,0,True,7.85,3,0,0,0,True,False,phase8-v1
phase9-heuristic-v1,SEARCH,0,22,0,True,7.85,3,0,0,0,True,False,phase8-v1
phase9-heuristic-v1,LOGIN,6,55,0,False,-10.0,20,18,0,0,False,True,phase8-v1
phase9-heuristic-v1,SEARCH,0,33,0,True,7.85,3,0,0,0,True,False,phase8-v1
phase9-heuristic-v1,SEARCH,0,11,0,True,7.85,3,0,0,0,True,False,phase8-v1
phase9-heuristic-v1,SEARCH,0,44,0,True,7.85,3,0,0,0,True,False,phase8-v1
phase9-heuristic-v1,SEARCH,0,22,0,True,7.85,3,0,0,0,True,False,phase8-v1
phase9-heuristic-v1,SEARCH,0,55,0,True,7.85,3,0,0,0,True,False,phase8-v1
phase9-heuristic-v1,SEARCH,0,33,0,True,7.85,3,0,0,0,True,False,phase8-v1
phase9-heuristic-v1,SEARCH,1,11,0,True,7.85,3,0,0,0,True,False,phase8-v1
phase9-heuristic-v1,SEARCH,0,44,0,True,7.85,3,0,0,0,True,False,phase8-v1
phase9-heuristic-v1,SEARCH,1,22,0,True,7.85,3,0,0,0,True,False,phase8-v1
phase9-heuristic-v1,SEARCH,0,55,0,True,7.85,3,0,0,0,True,False,phase8-v1
phase9-heuristic-v1,SEARCH,1,33,0,True,7.85,3,0,0,0,True,False,phase8-v1
phase9-heuristic-v1,SEARCH,1,11,0,True,7.85,3,0,0,0,True,False,phase8-v1
phase9-heuristic-v1,SEARCH,1,44,0,True,7.85,3,0,0,0,True,False,phase8-v1
phase9-heuristic-v1,SEARCH,1,22,0,True,7.85,3,0,0,0,True,False,phase8-v1
phase9-heuristic-v1,SEARCH,1,55,0,True,7.85,3,0,0,0,True,False,phase8-v1
phase9-heuristic-v1,SEARCH,1,33,0,True,7.85,3,0,0,0,True,False,phase8-v1
phase9-heuristic-v1,SEARCH,2,11,0,True,7.85,3,0,0,0,True,False,phase8-v1
phase9-heuristic-v1,SEARCH,1,44,0,True,7.85,3,0,0,0,True,False,phase8-v1
phase9-heuristic-v1,SEARCH,2,22,0,True,7.85,3,0,0,0,True,False,phase8-v1
phase9-heuristic-v1,SEARCH,1,55,0,True,7.85,3,0,0,0,True,False,phase8-v1
phase9-heuristic-v1,SEARCH,2,33,0,True,7.85,3,0,0,0,True,False,phase8-v1
phase9-heuristic-v1,SEARCH,2,11,0,True,7.85,3,0,0,0,True,False,phase8-v1
phase9-heuristic-v1,SEARCH,2,44,0,True,7.85,3,0,0,0,True,False,phase8-v1
phase9-heuristic-v1,SEARCH,2,22,0,True,7.85,3,0,0,0,True,False,phase8-v1
phase9-heuristic-v1,SEARCH,2,55,0,True,7.85,3,0,0,0,True,False,phase8-v1
phase9-heuristic-v1,SEARCH,2,33,0,True,7.85,3,0,0,0,True,False,phase8-v1
phase9-heuristic-v1,SEARCH,3,11,0,True,7.85,3,0,0,0,True,False,phase8-v1
phase9-heuristic-v1,SEARCH,2,44,0,True,7.85,3,0,0,0,True,False,phase8-v1
phase9-heuristic-v1,SEARCH,3,22,0,True,7.85,3,0,0,0,True,False,phase8-v1
phase9-heuristic-v1,SEARCH,2,55,0,True,7.85,3,0,0,0,True,False,phase8-v1
phase9-heuristic-v1,SEARCH,3,33,0,True,7.85,3,0,0,0,True,False,phase8-v1
phase9-heuristic-v1,SEARCH,3,11,0,True,7.85,3,0,0,0,True,False,phase8-v1
phase9-heuristic-v1,SEARCH,3,44,0,True,7.85,3,0,0,0,True,False,phase8-v1
phase9-heuristic-v1,SEARCH,3,22,0,True,7.85,3,0,0,0,True,False,phase8-v1
phase9-heuristic-v1,SEARCH,3,55,0,True,7.85,3,0,0,0,True,False,phase8-v1
phase9-heuristic-v1,SEARCH,3,33,0,True,7.85,3,0,0,0,True,False,phase8-v1
phase9-heuristic-v1,SEARCH,4,11,0,True,7.85,3,0,0,0,True,False,phase8-v1
phase9-heuristic-v1,SEARCH,3,44,0,True,7.85,3,0,0,0,True,False,phase8-v1
phase9-heuristic-v1,SEARCH,4,22,0,True,7.85,3,0,0,0,True,False,phase8-v1
phase9-heuristic-v1,SEARCH,3,55,0,True,7.85,3,0,0,0,True,False,phase8-v1
phase9-heuristic-v1,SEARCH,4,33,0,True,7.85,3,0,0,0,True,False,phase8-v1
phase9-heuristic-v1,SEARCH,4,11,0,True,7.85,3,0,0,0,True,False,phase8-v1
phase9-heuristic-v1,SEARCH,4,44,0,True,7.85,3,0,0,0,True,False,phase8-v1
phase9-heuristic-v1,SEARCH,4,22,0,True,7.85,3,0,0,0,True,False,phase8-v1
phase9-heuristic-v1,SEARCH,4,55,0,True,7.85,3,0,0,0,True,False,phase8-v1
phase9-heuristic-v1,SEARCH,4,33,0,True,7.85,3,0,0,0,True,False,phase8-v1
phase9-heuristic-v1,SEARCH,5,11,0,True,7.85,3,0,0,0,True,False,phase8-v1
phase9-heuristic-v1,SEARCH,4,44,0,True,7.85,3,0,0,0,True,False,phase8-v1
phase9-heuristic-v1,SEARCH,5,22,0,True,7.85,3,0,0,0,True,False,phase8-v1
phase9-heuristic-v1,SEARCH,4,55,0,True,7.85,3,0,0,0,True,False,phase8-v1
phase9-heuristic-v1,SEARCH,5,33,0,True,7.85,3,0,0,0,True,False,phase8-v1
phase9-heuristic-v1,SEARCH,5,11,0,True,7.85,3,0,0,0,True,False,phase8-v1
phase9-heuristic-v1,SEARCH,5,44,0,True,7.85,3,0,0,0,True,False,phase8-v1
phase9-heuristic-v1,SEARCH,5,22,0,True,7.85,3,0,0,0,True,False,phase8-v1
phase9-heuristic-v1,SEARCH,5,55,0,True,7.85,3,0,0,0,True,False,phase8-v1
phase9-heuristic-v1,SEARCH,5,33,0,True,7.85,3,0,0,0,True,False,phase8-v1
phase9-heuristic-v1,SEARCH,6,11,0,True,7.85,3,0,0,0,True,False,phase8-v1
phase9-heuristic-v1,SEARCH,5,44,0,True,7.85,3,0,0,0,True,False,phase8-v1
phase9-heuristic-v1,SEARCH,6,22,0,True,7.85,3,0,0,0,True,False,phase8-v1
phase9-heuristic-v1,SEARCH,5,55,0,True,7.85,3,0,0,0,True,False,phase8-v1
phase9-heuristic-v1,SEARCH,6,33,0,True,7.85,3,0,0,0,True,False,phase8-v1
phase9-heuristic-v1,SEARCH,6,11,0,True,7.85,3,0,0,0,True,False,phase8-v1
phase9-heuristic-v1,SEARCH,6,44,0,True,7.85,3,0,0,0,True,False,phase8-v1
phase9-heuristic-v1,SEARCH,6,22,0,True,7.85,3,0,0,0,True,False,phase8-v1
phase9-heuristic-v1,SEARCH,6,55,0,True,7.85,3,0,0,0,True,False,phase8-v1
phase9-heuristic-v1,SEARCH,6,33,0,True,7.85,3,0,0,0,True,False,phase8-v1
phase9-heuristic-v1,PROFILE,0,11,0,True,8.8,4,0,0,0,True,False,phase8-v1
phase9-heuristic-v1,SEARCH,6,44,0,True,7.85,3,0,0,0,True,False,phase8-v1
phase9-heuristic-v1,PROFILE,0,22,0,True,8.8,4,0,0,0,True,False,phase8-v1
phase9-heuristic-v1,SEARCH,6,55,0,True,7.85,3,0,0,0,True,False,phase8-v1
phase9-heuristic-v1,PROFILE,0,33,0,True,8.8,4,0,0,0,True,False,phase8-v1
phase9-heuristic-v1,PROFILE,0,11,0,True,8.8,4,0,0,0,True,False,phase8-v1
phase9-heuristic-v1,PROFILE,0,44,0,True,8.8,4,0,0,0,True,False,phase8-v1
phase9-heuristic-v1,PROFILE,0,22,0,True,8.8,4,0,0,0,True,False,phase8-v1
phase9-heuristic-v1,PROFILE,0,55,0,True,8.8,4,0,0,0,True,False,phase8-v1
phase9-heuristic-v1,PROFILE,0,33,0,True,8.8,4,0,0,0,True,False,phase8-v1
phase9-heuristic-v1,PROFILE,1,11,0,True,8.8,4,0,0,0,True,False,phase8-v1
phase9-heuristic-v1,PROFILE,0,44,0,True,8.8,4,0,0,0,True,False,phase8-v1
phase9-heuristic-v1,PROFILE,1,22,0,True,8.8,4,0,0,0,True,False,phase8-v1
phase9-heuristic-v1,PROFILE,0,55,0,True,8.8,4,0,0,0,True,False,phase8-v1
phase9-heuristic-v1,PROFILE,1,33,0,True,8.8,4,0,0,0,True,False,phase8-v1
phase9-heuristic-v1,PROFILE,1,11,0,True,8.8,4,0,0,0,True,False,phase8-v1
phase9-heuristic-v1,PROFILE,1,44,0,True,8.8,4,0,0,0,True,False,phase8-v1
phase9-heuristic-v1,PROFILE,1,22,0,True,8.8,4,0,0,0,True,False,phase8-v1
phase9-heuristic-v1,PROFILE,1,55,0,True,8.8,4,0,0,0,True,False,phase8-v1
phase9-heuristic-v1,PROFILE,1,33,0,True,8.8,4,0,0,0,True,False,phase8-v1
phase9-heuristic-v1,PROFILE,2,11,0,True,8.8,4,0,0,0,True,False,phase8-v1
phase9-heuristic-v1,PROFILE,1,44,0,True,8.8,4,0,0,0,True,False,phase8-v1
phase9-heuristic-v1,PROFILE,2,22,0,True,8.8,4,0,0,0,True,False,phase8-v1
phase9-heuristic-v1,PROFILE,1,55,0,True,8.8,4,0,0,0,True,False,phase8-v1
phase9-heuristic-v1,PROFILE,2,33,0,True,8.8,4,0,0,0,True,False,phase8-v1
phase9-heuristic-v1,PROFILE,2,11,0,True,8.8,4,0,0,0,True,False,phase8-v1
phase9-heuristic-v1,PROFILE,2,44,0,True,8.8,4,0,0,0,True,False,phase8-v1
phase9-heuristic-v1,PROFILE,2,22,0,True,8.8,4,0,0,0,True,False,phase8-v1
phase9-heuristic-v1,PROFILE,2,55,0,True,8.8,4,0,0,0,True,False,phase8-v1
phase9-heuristic-v1,PROFILE,2,33,0,True,8.8,4,0,0,0,True,False,phase8-v1
phase9-heuristic-v1,PROFILE,3,11,0,True,8.8,4,0,0,0,True,False,phase8-v1
phase9-heuristic-v1,PROFILE,2,44,0,True,8.8,4,0,0,0,True,False,phase8-v1
phase9-heuristic-v1,PROFILE,3,22,0,True,8.8,4,0,0,0,True,False,phase8-v1
phase9-heuristic-v1,PROFILE,2,55,0,True,8.8,4,0,0,0,True,False,phase8-v1
phase9-heuristic-v1,PROFILE,3,33,0,True,8.8,4,0,0,0,True,False,phase8-v1
phase9-heuristic-v1,PROFILE,3,11,0,True,8.8,4,0,0,0,True,False,phase8-v1
phase9-heuristic-v1,PROFILE,3,44,0,True,8.8,4,0,0,0,True,False,phase8-v1
phase9-heuristic-v1,PROFILE,3,22,0,True,8.8,4,0,0,0,True,False,phase8-v1
phase9-heuristic-v1,PROFILE,3,55,0,True,8.8,4,0,0,0,True,False,phase8-v1
phase9-heuristic-v1,PROFILE,3,33,0,True,8.8,4,0,0,0,True,False,phase8-v1
phase9-heuristic-v1,PROFILE,4,11,0,True,8.8,4,0,0,0,True,False,phase8-v1
phase9-heuristic-v1,PROFILE,3,44,0,True,8.8,4,0,0,0,True,False,phase8-v1
phase9-heuristic-v1,PROFILE,4,22,0,True,8.8,4,0,0,0,True,False,phase8-v1
phase9-heuristic-v1,PROFILE,3,55,0,True,8.8,4,0,0,0,True,False,phase8-v1
phase9-heuristic-v1,PROFILE,4,33,0,True,8.8,4,0,0,0,True,False,phase8-v1
phase9-heuristic-v1,PROFILE,4,11,0,True,8.8,4,0,0,0,True,False,phase8-v1
phase9-heuristic-v1,PROFILE,4,44,0,True,8.8,4,0,0,0,True,False,phase8-v1
phase9-heuristic-v1,PROFILE,4,22,0,True,8.8,4,0,0,0,True,False,phase8-v1
phase9-heuristic-v1,PROFILE,4,55,0,True,8.8,4,0,0,0,True,False,phase8-v1
phase9-heuristic-v1,PROFILE,4,33,0,True,8.8,4,0,0,0,True,False,phase8-v1
phase9-heuristic-v1,PROFILE,5,11,0,True,8.8,4,0,0,0,True,False,phase8-v1
phase9-heuristic-v1,PROFILE,4,44,0,True,8.8,4,0,0,0,True,False,phase8-v1
phase9-heuristic-v1,PROFILE,5,22,0,True,8.8,4,0,0,0,True,False,phase8-v1
phase9-heuristic-v1,PROFILE,4,55,0,True,8.8,4,0,0,0,True,False,phase8-v1
phase9-heuristic-v1,PROFILE,5,33,0,True,8.8,4,0,0,0,True,False,phase8-v1
phase9-heuristic-v1,PROFILE,5,44,0,True,8.8,4,0,0,0,True,False,phase8-v1
phase9-heuristic-v1,PROFILE,5,11,0,True,8.8,4,0,0,0,True,False,phase8-v1
phase9-heuristic-v1,PROFILE,5,55,0,True,8.8,4,0,0,0,True,False,phase8-v1
phase9-heuristic-v1,PROFILE,5,22,0,True,8.8,4,0,0,0,True,False,phase8-v1
phase9-heuristic-v1,PROFILE,6,11,0,True,8.8,4,0,0,0,True,False,phase8-v1
phase9-heuristic-v1,PROFILE,5,33,0,True,8.8,4,0,0,0,True,False,phase8-v1
phase9-heuristic-v1,PROFILE,6,22,0,True,8.8,4,0,0,0,True,False,phase8-v1
phase9-heuristic-v1,PROFILE,5,44,0,True,8.8,4,0,0,0,True,False,phase8-v1
phase9-heuristic-v1,PROFILE,6,33,0,True,8.8,4,0,0,0,True,False,phase8-v1
phase9-heuristic-v1,PROFILE,5,55,0,True,8.8,4,0,0,0,True,False,phase8-v1
phase9-heuristic-v1,PROFILE,6,44,0,True,8.8,4,0,0,0,True,False,phase8-v1
phase9-heuristic-v1,PROFILE,6,11,0,True,8.8,4,0,0,0,True,False,phase8-v1
phase9-heuristic-v1,PROFILE,6,55,0,True,8.8,4,0,0,0,True,False,phase8-v1
phase9-heuristic-v1,PROFILE,6,22,0,True,8.8,4,0,0,0,True,False,phase8-v1
phase9-heuristic-v1,PROFILE,6,33,0,True,8.8,4,0,0,0,True,False,phase8-v1
phase9-heuristic-v1,PROFILE,6,44,0,True,8.8,4,0,0,0,True,False,phase8-v1
phase9-heuristic-v1,PROFILE,6,55,0,True,8.8,4,0,0,0,True,False,phase8-v1
phase9-heuristic-v1,CHECKOUT,0,11,0,False,-13.0,20,20,0,0,False,True,phase8-v1
phase9-heuristic-v1,CHECKOUT,0,11,0,False,-13.0,20,20,0,0,False,True,phase8-v1
phase9-heuristic-v1,CHECKOUT,0,22,0,False,-13.0,20,20,0,0,False,True,phase8-v1
phase9-heuristic-v1,CHECKOUT,0,22,0,False,-13.0,20,20,0,0,False,True,phase8-v1
phase9-heuristic-v1,CHECKOUT,0,33,0,False,-13.0,20,20,0,0,False,True,phase8-v1
phase9-heuristic-v1,CHECKOUT,0,33,0,False,-13.0,20,20,0,0,False,True,phase8-v1
phase9-heuristic-v1,CHECKOUT,0,44,0,False,-13.0,20,20,0,0,False,True,phase8-v1
phase9-heuristic-v1,CHECKOUT,0,44,0,False,-13.0,20,20,0,0,False,True,phase8-v1
phase9-heuristic-v1,CHECKOUT,0,55,0,False,-13.0,20,20,0,0,False,True,phase8-v1
phase9-heuristic-v1,CHECKOUT,0,55,0,False,-13.0,20,20,0,0,False,True,phase8-v1
phase9-heuristic-v1,CHECKOUT,1,11,0,False,-13.0,20,20,0,0,False,True,phase8-v1
phase9-heuristic-v1,CHECKOUT,1,11,0,False,-13.0,20,20,0,0,False,True,phase8-v1
phase9-heuristic-v1,CHECKOUT,1,22,0,False,-13.0,20,20,0,0,False,True,phase8-v1
phase9-heuristic-v1,CHECKOUT,1,22,0,False,-13.0,20,20,0,0,False,True,phase8-v1
phase9-heuristic-v1,CHECKOUT,1,33,0,False,-13.0,20,20,0,0,False,True,phase8-v1
phase9-heuristic-v1,CHECKOUT,1,33,0,False,-13.0,20,20,0,0,False,True,phase8-v1
phase9-heuristic-v1,CHECKOUT,1,44,0,False,-13.0,20,20,0,0,False,True,phase8-v1
phase9-heuristic-v1,CHECKOUT,1,44,0,False,-13.0,20,20,0,0,False,True,phase8-v1
phase9-heuristic-v1,CHECKOUT,1,55,0,False,-13.0,20,20,0,0,False,True,phase8-v1
phase9-heuristic-v1,CHECKOUT,1,55,0,False,-13.0,20,20,0,0,False,True,phase8-v1
phase9-heuristic-v1,CHECKOUT,2,11,0,False,-13.0,20,20,0,0,False,True,phase8-v1
phase9-heuristic-v1,CHECKOUT,2,11,0,False,-13.0,20,20,0,0,False,True,phase8-v1
phase9-heuristic-v1,CHECKOUT,2,22,0,False,-13.0,20,20,0,0,False,True,phase8-v1
phase9-heuristic-v1,CHECKOUT,2,22,0,False,-13.0,20,20,0,0,False,True,phase8-v1
phase9-heuristic-v1,CHECKOUT,2,33,0,False,-13.0,20,20,0,0,False,True,phase8-v1
phase9-heuristic-v1,CHECKOUT,2,33,0,False,-13.0,20,20,0,0,False,True,phase8-v1
phase9-heuristic-v1,CHECKOUT,2,44,0,False,-13.0,20,20,0,0,False,True,phase8-v1
phase9-heuristic-v1,CHECKOUT,2,44,0,False,-13.0,20,20,0,0,False,True,phase8-v1
phase9-heuristic-v1,CHECKOUT,2,55,0,False,-13.0,20,20,0,0,False,True,phase8-v1
phase9-heuristic-v1,CHECKOUT,2,55,0,False,-13.0,20,20,0,0,False,True,phase8-v1
phase9-heuristic-v1,CHECKOUT,3,11,0,False,-13.0,20,20,0,0,False,True,phase8-v1
phase9-heuristic-v1,CHECKOUT,3,11,0,False,-13.0,20,20,0,0,False,True,phase8-v1
phase9-heuristic-v1,CHECKOUT,3,22,0,False,-13.0,20,20,0,0,False,True,phase8-v1
phase9-heuristic-v1,CHECKOUT,3,22,0,False,-13.0,20,20,0,0,False,True,phase8-v1
phase9-heuristic-v1,CHECKOUT,3,33,0,False,-13.0,20,20,0,0,False,True,phase8-v1
phase9-heuristic-v1,CHECKOUT,3,33,0,False,-13.0,20,20,0,0,False,True,phase8-v1
phase9-heuristic-v1,CHECKOUT,3,44,0,False,-13.0,20,20,0,0,False,True,phase8-v1
phase9-heuristic-v1,CHECKOUT,3,44,0,False,-13.0,20,20,0,0,False,True,phase8-v1
phase9-heuristic-v1,CHECKOUT,3,55,0,False,-13.0,20,20,0,0,False,True,phase8-v1
phase9-heuristic-v1,CHECKOUT,3,55,0,False,-13.0,20,20,0,0,False,True,phase8-v1
phase9-heuristic-v1,CHECKOUT,4,11,0,False,-13.0,20,20,0,0,False,True,phase8-v1
phase9-heuristic-v1,CHECKOUT,4,11,0,False,-13.0,20,20,0,0,False,True,phase8-v1
phase9-heuristic-v1,CHECKOUT,4,22,0,False,-13.0,20,20,0,0,False,True,phase8-v1
phase9-heuristic-v1,CHECKOUT,4,22,0,False,-13.0,20,20,0,0,False,True,phase8-v1
phase9-heuristic-v1,CHECKOUT,4,33,0,False,-13.0,20,20,0,0,False,True,phase8-v1
phase9-heuristic-v1,CHECKOUT,4,33,0,False,-13.0,20,20,0,0,False,True,phase8-v1
phase9-heuristic-v1,CHECKOUT,4,44,0,False,-13.0,20,20,0,0,False,True,phase8-v1
phase9-heuristic-v1,CHECKOUT,4,44,0,False,-13.0,20,20,0,0,False,True,phase8-v1
phase9-heuristic-v1,CHECKOUT,4,55,0,False,-13.0,20,20,0,0,False,True,phase8-v1
phase9-heuristic-v1,CHECKOUT,4,55,0,False,-13.0,20,20,0,0,False,True,phase8-v1
phase9-heuristic-v1,CHECKOUT,5,11,0,False,-13.0,20,20,0,0,False,True,phase8-v1
phase9-heuristic-v1,CHECKOUT,5,11,0,False,-13.0,20,20,0,0,False,True,phase8-v1
phase9-heuristic-v1,CHECKOUT,5,22,0,False,-13.0,20,20,0,0,False,True,phase8-v1
phase9-heuristic-v1,CHECKOUT,5,22,0,False,-13.0,20,20,0,0,False,True,phase8-v1
phase9-heuristic-v1,CHECKOUT,5,33,0,False,-13.0,20,20,0,0,False,True,phase8-v1
phase9-heuristic-v1,CHECKOUT,5,33,0,False,-13.0,20,20,0,0,False,True,phase8-v1
phase9-heuristic-v1,CHECKOUT,5,44,0,False,-13.0,20,20,0,0,False,True,phase8-v1
phase9-heuristic-v1,CHECKOUT,5,44,0,False,-13.0,20,20,0,0,False,True,phase8-v1
phase9-heuristic-v1,CHECKOUT,5,55,0,False,-13.0,20,20,0,0,False,True,phase8-v1
phase9-heuristic-v1,CHECKOUT,5,55,0,False,-13.0,20,20,0,0,False,True,phase8-v1
phase9-heuristic-v1,CHECKOUT,6,11,0,False,-13.0,20,20,0,0,False,True,phase8-v1
phase9-heuristic-v1,CHECKOUT,6,11,0,False,-13.0,20,20,0,0,False,True,phase8-v1
phase9-heuristic-v1,CHECKOUT,6,22,0,False,-13.0,20,20,0,0,False,True,phase8-v1
phase9-heuristic-v1,CHECKOUT,6,22,0,False,-13.0,20,20,0,0,False,True,phase8-v1
phase9-heuristic-v1,CHECKOUT,6,33,0,False,-13.0,20,20,0,0,False,True,phase8-v1
phase9-heuristic-v1,CHECKOUT,6,33,0,False,-13.0,20,20,0,0,False,True,phase8-v1
phase9-heuristic-v1,CHECKOUT,6,44,0,False,-13.0,20,20,0,0,False,True,phase8-v1
phase9-heuristic-v1,CHECKOUT,6,44,0,False,-13.0,20,20,0,0,False,True,phase8-v1
phase9-heuristic-v1,CHECKOUT,6,55,0,False,-13.0,20,20,0,0,False,True,phase8-v1
phase9-heuristic-v1,CHECKOUT,6,55,0,False,-13.0,20,20,0,0,False,True,phase8-v1
