split,episode_id,workflow,mutation_seed,step_index,target_present,recall_at_k
test_l6,1200,LOGIN,11,0,True,1.0
test_l6,1200,LOGIN,11,1,True,1.0
test_l6,1200,LOGIN,11,2,True,1.0
test_l6,1200,LOGIN,11,3,True,1.0
test_l6,1201,LOGIN,11,0,True,1.0
test_l6,1201,LOGIN,11,1,True,1.0
test_l6,1201,LOGIN,11,2,True,1.0
test_l6,1201,LOGIN,11,3,True,1.0
test_l6,1202,LOGIN,11,0,True,1.0
test_l6,1202,LOGIN,11,1,True,1.0
test_l6,1202,LOGIN,11,2,True,1.0
test_l6,1202,LOGIN,11,3,True,1.0
test_l6,1203,LOGIN,11,0,True,1.0
test_l6,1203,LOGIN,11,1,True,1.0
test_l6,1203,LOGIN,11,2,True,1.0
test_l6,1203,LOGIN,11,3,True,1.0
test_l6,1204,LOGIN,11,0,True,1.0
test_l6,1204,LOGIN,11,1,True,1.0
test_l6,1204,LOGIN,11,2,True,1.0
test_l6,1204,LOGIN,11,3,True,1.0
test_l6,1205,LOGIN,22,0,True,1.0
test_l6,1205,LOGIN,22,1,True,1.0
test_l6,1205,LOGIN,22,2,True,1.0
test_l6,1205,LOGIN,22,3,True,1.0
test_l6,1206,LOGIN,22,0,True,1.0
test_l6,1206,LOGIN,22,1,True,1.0
test_l6,1206,LOGIN,22,2,True,1.0
test_l6,1206,LOGIN,22,3,True,1.0
test_l6,1207,LOGIN,22,0,True,1.0
test_l6,1207,LOGIN,22,1,True,1.0
test_l6,1207,LOGIN,22,2,True,1.0
test_l6,1207,LOGIN,22,3,True,1.0
test_l6,1208,LOGIN,22,0,True,1.0
test_l6,1208,LOGIN,22,1,True,1.0
test_l6,1208,LOGIN,22,2,True,1.0
test_l6,1208,LOGIN,22,3,True,1.0
test_l6,1209,LOGIN,22,0,True,1.0
test_l6,1209,LOGIN,22,1,True,1.0
test_l6,1209,LOGIN,22,2,True,1.0
test_l6,1209,LOGIN,22,3,True,1.0
test_l6,1210,LOGIN,33,0,True,1.0
test_l6,1210,LOGIN,33,1,True,1.0
test_l6,1210,LOGIN,33,2,True,1.0
test_l6,1210,LOGIN,33,3,True,1.0
test_l6,1211,LOGIN,33,0,True,1.0
test_l6,1211,LOGIN,33,1,True,1.0
test_l6,1211,LOGIN,33,2,True,1.0
test_l6,1211,LOGIN,33,3,True,1.0
test_l6,1212,LOGIN,33,0,True,1.0
test_l6,1212,LOGIN,33,1,True,1.0
test_l6,1212,LOGIN,33,2,True,1.0
test_l6,1212,LOGIN,33,3,True,1.0
test_l6,1213,LOGIN,33,0,True,1.0
test_l6,1213,LOGIN,33,1,True,1.0
test_l6,1213,LOGIN,33,2,True,1.0
test_l6,1213,LOGIN,33,3,True,1.0
test_l6,1214,LOGIN,33,0,True,1.0
test_l6,1214,LOGIN,33,1,True,1.0
test_l6,1214,LOGIN,33,2,True,1.0
test_l6,1214,LOGIN,33,3,True,1.0
test_l6,1215,LOGIN,44,0,True,1.0
test_l6,1215,LOGIN,44,1,True,1.0
test_l6,1215,LOGIN,44,2,True,1.0
test_l6,1215,LOGIN,44,3,True,1.0
test_l6,1216,LOGIN,44,0,True,1.0
test_l6,1216,LOGIN,44,1,True,1.0
test_l6,1216,LOGIN,44,2,True,1.0
test_l6,1216,LOGIN,44,3,True,1.0
test_l6,1217,LOGIN,44,0,True,1.0
test_l6,1217,LOGIN,44,1,True,1.0
test_l6,1217,LOGIN,44,2,True,1.0
test_l6,1217,LOGIN,44,3,True,1.0
test_l6,1218,LOGIN,44,0,True,1.0
test_l6,1218,LOGIN,44,1,True,1.0
test_l6,1218,LOGIN,44,2,True,1.0
test_l6,1218,LOGIN,44,3,True,1.0
test_l6,1219,LOGIN,44,0,True,1.0
test_l6,1219,LOGIN,44,1,True,1.0
test_l6,1219,LOGIN,44,2,True,1.0
test_l6,1219,LOGIN,44,3,True,1.0
test_l6,1220,LOGIN,55,0,True,1.0
test_l6,1220,LOGIN,55,1,True,1.0
test_l6,1220,LOGIN,55,2,True,1.0
test_l6,1220,LOGIN,55,3,True,1.0
test_l6,1221,LOGIN,55,0,True,1.0
test_l6,1221,LOGIN,55,1,True,1.0
test_l6,1221,LOGIN,55,2,True,1.0
test_l6,1221,LOGIN,55,3,True,1.0
test_l6,1222,LOGIN,55,0,True,1.0
test_l6,1222,LOGIN,55,1,True,1.0
test_l6,1222,LOGIN,55,2,True,1.0
test_l6,1222,LOGIN,55,3,True,1.0
test_l6,1223,LOGIN,55,0,True,1.0
test_l6,1223,LOGIN,55,1,True,1.0
test_l6,1223,LOGIN,55,2,True,1.0
test_l6,1223,LOGIN,55,3,True,1.0
test_l6,1224,LOGIN,55,0,True,1.0
test_l6,1224,LOGIN,55,1,True,1.0
test_l6,1224,LOGIN,55,2,True,1.0
test_l6,1224,LOGIN,55,3,True,1.0
test_l6,1225,SEARCH,11,0,True,1.0
test_l6,1225,SEARCH,11,1,True,1.0
test_l6,1225,SEARCH,11,2,True,1.0
test_l6,1226,SEARCH,11,0,True,1.0
test_l6,1226,SEARCH,11,1,True,1.0
test_l6,1226,SEARCH,11,2,True,1.0
test_l6,1227,SEARCH,11,0,True,1.0
test_l6,1227,SEARCH,11,1,True,1.0
test_l6,1227,SEARCH,11,2,True,1.0
test_l6,1228,SEARCH,11,0,True,1.0
test_l6,1228,SEARCH,11,1,True,1.0
test_l6,1228,SEARCH,11,2,True,1.0
test_l6,1229,SEARCH,11,0,True,1.0
test_l6,1229,SEARCH,11,1,True,1.0
test_l6,1229,SEARCH,11,2,True,1.0
test_l6,1230,SEARCH,22,0,True,1.0
test_l6,1230,SEARCH,22,1,True,1.0
test_l6,1230,SEARCH,22,2,True,1.0
test_l6,1231,SEARCH,22,0,True,1.0
test_l6,1231,SEARCH,22,1,True,1.0
test_l6,1231,SEARCH,22,2,True,1.0
test_l6,1232,SEARCH,22,0,True,1.0
test_l6,1232,SEARCH,22,1,True,1.0
test_l6,1232,SEARCH,22,2,True,1.0
test_l6,1233,SEARCH,22,0,True,1.0
test_l6,1233,SEARCH,22,1,True,1.0
test_l6,1233,SEARCH,22,2,True,1.0
test_l6,1234,SEARCH,22,0,True,1.0
test_l6,1234,SEARCH,22,1,True,1.0
test_l6,1234,SEARCH,22,2,True,1.0
test_l6,1235,SEARCH,33,0,True,1.0
test_l6,1235,SEARCH,33,1,True,1.0
test_l6,1235,SEARCH,33,2,True,1.0
test_l6,1236,SEARCH,33,0,True,1.0
test_l6,1236,SEARCH,33,1,True,1.0
test_l6,1236,SEARCH,33,2,True,1.0
test_l6,1237,SEARCH,33,0,True,1.0
test_l6,1237,SEARCH,33,1,True,1.0
test_l6,1237,SEARCH,33,2,True,1.0
test_l6,1238,SEARCH,33,0,True,1.0
test_l6,1238,SEARCH,33,1,True,1.0
test_l6,1238,SEARCH,33,2,True,1.0
test_l6,1239,SEARCH,33,0,True,1.0
test_l6,1239,SEARCH,33,1,True,1.0
test_l6,1239,SEARCH,33,2,True,1.0
test_l6,1240,SEARCH,44,0,True,1.0
test_l6,1240,SEARCH,44,1,True,1.0
test_l6,1240,SEARCH,44,2,True,1.0
test_l6,1241,SEARCH,44,0,True,1.0
test_l6,1241,SEARCH,44,1,True,1.0
test_l6,1241,SEARCH,44,2,True,1.0
test_l6,1242,SEARCH,44,0,True,1.0
test_l6,1242,SEARCH,44,1,True,1.0
test_l6,1242,SEARCH,44,2,True,1.0
test_l6,1243,SEARCH,44,0,True,1.0
test_l6,1243,SEARCH,44,1,True,1.0
test_l6,1243,SEARCH,44,2,True,1.0
test_l6,1244,SEARCH,44,0,True,1.0
test_l6,1244,SEARCH,44,1,True,1.0
test_l6,1244,SEARCH,44,2,True,1.0
test_l6,1245,SEARCH,55,0,True,1.0
test_l6,1245,SEARCH,55,1,True,1.0
test_l6,1245,SEARCH,55,2,True,1.0
test_l6,1246,SEARCH,55,0,True,1.0
test_l6,1246,SEARCH,55,1,True,1.0
test_l6,1246,SEARCH,55,2,True,1.0
test_l6,1247,SEARCH,55,0,True,1.0
test_l6,1247,SEARCH,55,1,True,1.0
test_l6,1247,SEARCH,55,2,True,1.0
test_l6,1248,SEARCH,55,0,True,1.0
test_l6,1248,SEARCH,55,1,True,1.0
test_l6,1248,SEARCH,55,2,True,1.0
test_l6,1249,SEARCH,55,0,True,1.0
test_l6,1249,SEARCH,55,1,True,1.0
test_l6,1249,SEARCH,55,2,True,1.0
test_l6,1250,PROFILE,11,0,True,1.0
test_l6,1250,PROFILE,11,1,True,1.0
test_l6,1250,PROFILE,11,2,True,1.0
test_l6,1250,PROFILE,11,3,True,1.0
test_l6,1251,PROFILE,11,0,True,1.0
test_l6,1251,PROFILE,11,1,True,1.0
test_l6,1251,PROFILE,11,2,True,1.0
test_l6,1251,PROFILE,11,3,True,1.0
test_l6,1252,PROFILE,11,0,True,1.0
test_l6,1252,PROFILE,11,1,True,1.0
test_l6,1252,PROFILE,11,2,True,1.0
test_l6,1252,PROFILE,11,3,True,1.0
test_l6,1253,PROFILE,11,0,True,1.0
test_l6,1253,PROFILE,11,1,True,1.0
test_l6,1253,PROFILE,11,2,True,1.0
test_l6,1253,PROFILE,11,3,True,1.0
test_l6,1254,PROFILE,11,0,True,1.0
test_l6,1254,PROFILE,11,1,True,1.0
test_l6,1254,PROFILE,11,2,True,1.0
test_l6,1254,PROFILE,11,3,True,1.0
test_l6,1255,PROFILE,22,0,True,1.0
test_l6,1255,PROFILE,22,1,True,1.0
test_l6,1255,PROFILE,22,2,True,1.0
test_l6,1255,PROFILE,22,3,True,1.0
test_l6,1256,PROFILE,22,0,True,1.0
test_l6,1256,PROFILE,22,1,True,1.0
test_l6,1256,PROFILE,22,2,True,1.0
test_l6,1256,PROFILE,22,3,True,1.0
test_l6,1257,PROFILE,22,0,True,1.0
test_l6,1257,PROFILE,22,1,True,1.0
test_l6,1257,PROFILE,22,2,True,1.0
test_l6,1257,PROFILE,22,3,True,1.0
test_l6,1258,PROFILE,22,0,True,1.0
test_l6,1258,PROFILE,22,1,True,1.0
test_l6,1258,PROFILE,22,2,True,1.0
test_l6,1258,PROFILE,22,3,True,1.0
test_l6,1259,PROFILE,22,0,True,1.0
test_l6,1259,PROFILE,22,1,True,1.0
test_l6,1259,PROFILE,22,2,True,1.0
test_l6,1259,PROFILE,22,3,True,1.0
test_l6,1260,PROFILE,33,0,True,1.0
test_l6,1260,PROFILE,33,1,True,1.0
test_l6,1260,PROFILE,33,2,True,1.0
test_l6,1260,PROFILE,33,3,True,1.0
test_l6,1261,PROFILE,33,0,True,1.0
test_l6,1261,PROFILE,33,1,True,1.0
test_l6,1261,PROFILE,33,2,True,1.0
test_l6,1261,PROFILE,33,3,True,1.0
test_l6,1262,PROFILE,33,0,True,1.0
test_l6,1262,PROFILE,33,1,True,1.0
test_l6,1262,PROFILE,33,2,True,1.0
test_l6,1262,PROFILE,33,3,True,1.0
test_l6,1263,PROFILE,33,0,True,1.0
test_l6,1263,PROFILE,33,1,True,1.0
test_l6,1263,PROFILE,33,2,True,1.0
test_l6,1263,PROFILE,33,3,True,1.0
test_l6,1264,PROFILE,33,0,True,1.0
test_l6,1264,PROFILE,33,1,True,1.0
test_l6,1264,PROFILE,33,2,True,1.0
test_l6,1264,PROFILE,33,3,True,1.0
test_l6,1265,PROFILE,44,0,True,1.0
test_l6,1265,PROFILE,44,1,True,1.0
test_l6,1265,PROFILE,44,2,True,1.0
test_l6,1265,PROFILE,44,3,True,1.0
test_l6,1266,PROFILE,44,0,True,1.0
test_l6,1266,PROFILE,44,1,True,1.0
test_l6,1266,PROFILE,44,2,True,1.0
test_l6,1266,PROFILE,44,3,True,1.0
test_l6,1267,PROFILE,44,0,True,1.0
test_l6,1267,PROFILE,44,1,True,1.0
test_l6,1267,PROFILE,44,2,True,1.0
test_l6,1267,PROFILE,44,3,True,1.0
test_l6,1268,PROFILE,44,0,True,1.0
test_l6,1268,PROFILE,44,1,True,1.0
test_l6,1268,PROFILE,44,2,True,1.0
test_l6,1268,PROFILE,44,3,True,1.0
test_l6,1269,PROFILE,44,0,True,1.0
test_l6,1269,PROFILE,44,1,True,1.0
test_l6,1269,PROFILE,44,2,True,1.0
test_l6,1269,PROFILE,44,3,True,1.0
test_l6,1270,PROFILE,55,0,True,1.0
test_l6,1270,PROFILE,55,1,True,1.0
test_l6,1270,PROFILE,55,2,True,1.0
test_l6,1270,PROFILE,55,3,True,1.0
test_l6,1271,PROFILE,55,0,True,1.0
test_l6,1271,PROFILE,55,1,True,1.0
test_l6,1271,PROFILE,55,2,True,1.0
test_l6,1271,PROFILE,55,3,True,1.0
test_l6,1272,PROFILE,55,0,True,1.0
test_l6,1272,PROFILE,55,1,True,1.0
test_l6,1272,PROFILE,55,2,True,1.0
test_l6,1272,PROFILE,55,3,True,1.0
test_l6,1273,PROFILE,55,0,True,1.0
test_l6,1273,PROFILE,55,1,True,1.0
test_l6,1273,PROFILE,55,2,True,1.0
test_l6,1273,PROFILE,55,3,True,1.0
test_l6,1274,PROFILE,55,0,True,1.0
test_l6,1274,PROFILE,55,1,True,1.0
test_l6,1274,PROFILE,55,2,True,1.0
test_l6,1274,PROFILE,55,3,True,1.0
test_l6,1275,CHECKOUT,11,0,True,1.0
test_l6,1275,CHECKOUT,11,1,True,1.0
test_l6,1275,CHECKOUT,11,2,True,1.0
test_l6,1275,CHECKOUT,11,3,True,1.0
test_l6,1275,CHECKOUT,11,4,True,1.0
test_l6,1276,CHECKOUT,11,0,True,1.0
test_l6,1276,CHECKOUT,11,1,True,1.0
test_l6,1276,CHECKOUT,11,2,True,1.0
test_l6,1276,CHECKOUT,11,3,True,1.0
test_l6,1276,CHECKOUT,11,4,True,1.0
test_l6,1277,CHECKOUT,11,0,True,1.0
test_l6,1277,CHECKOUT,11,1,True,1.0
test_l6,1277,CHECKOUT,11,2,True,1.0
test_l6,1277,CHECKOUT,11,3,True,1.0
test_l6,1277,CHECKOUT,11,4,True,1.0
test_l6,1278,CHECKOUT,11,0,True,1.0
test_l6,1278,CHECKOUT,11,1,True,1.0
test_l6,1278,CHECKOUT,11,2,True,1.0
test_l6,1278,CHECKOUT,11,3,True,1.0
test_l6,1278,CHECKOUT,11,4,True,1.0
test_l6,1279,CHECKOUT,11,0,True,1.0
test_l6,1279,CHECKOUT,11,1,True,1.0
test_l6,1279,CHECKOUT,11,2,True,1.0
test_l6,1279,CHECKOUT,11,3,True,1.0
test_l6,1279,CHECKOUT,11,4,True,1.0
test_l6,1280,CHECKOUT,22,0,True,1.0
test_l6,1280,CHECKOUT,22,1,True,1.0
test_l6,1280,CHECKOUT,22,2,True,1.0
test_l6,1280,CHECKOUT,22,3,True,1.0
test_l6,1280,CHECKOUT,22,4,True,1.0
test_l6,1281,CHECKOUT,22,0,True,1.0
test_l6,1281,CHECKOUT,22,1,True,1.0
test_l6,1281,CHECKOUT,22,2,True,1.0
test_l6,1281,CHECKOUT,22,3,True,1.0
test_l6,1281,CHECKOUT,22,4,True,1.0
test_l6,1282,CHECKOUT,22,0,True,1.0
test_l6,1282,CHECKOUT,22,1,True,1.0
test_l6,1282,CHECKOUT,22,2,True,1.0
test_l6,1282,CHECKOUT,22,3,True,1.0
test_l6,1282,CHECKOUT,22,4,True,1.0
test_l6,1283,CHECKOUT,22,0,True,1.0
test_l6,1283,CHECKOUT,22,1,True,1.0
test_l6,1283,CHECKOUT,22,2,True,1.0
test_l6,1283,CHECKOUT,22,3,True,1.0
test_l6,1283,CHECKOUT,22,4,True,1.0
test_l6,1284,CHECKOUT,22,0,True,1.0
test_l6,1284,CHECKOUT,22,1,True,1.0
test_l6,1284,CHECKOUT,22,2,True,1.0
test_l6,1284,CHECKOUT,22,3,True,1.0
test_l6,1284,CHECKOUT,22,4,True,1.0
test_l6,1285,CHECKOUT,33,0,True,1.0
test_l6,1285,CHECKOUT,33,1,True,1.0
test_l6,1285,CHECKOUT,33,2,True,1.0
test_l6,1285,CHECKOUT,33,3,True,1.0
test_l6,1285,CHECKOUT,33,4,True,1.0
test_l6,1286,CHECKOUT,33,0,True,1.0
test_l6,1286,CHECKOUT,33,1,True,1.0
test_l6,1286,CHECKOUT,33,2,True,1.0
test_l6,1286,CHECKOUT,33,3,True,1.0
test_l6,1286,CHECKOUT,33,4,True,1.0
test_l6,1287,CHECKOUT,33,0,True,1.0
test_l6,1287,CHECKOUT,33,1,True,1.0
test_l6,1287,CHECKOUT,33,2,True,1.0
test_l6,1287,CHECKOUT,33,3,True,1.0
test_l6,1287,CHECKOUT,33,4,True,1.0
test_l6,1288,CHECKOUT,33,0,True,1.0
test_l6,1288,CHECKOUT,33,1,True,1.0
test_l6,1288,CHECKOUT,33,2,True,1.0
test_l6,1288,CHECKOUT,33,3,True,1.0
test_l6,1288,CHECKOUT,33,4,True,1.0
test_l6,1289,CHECKOUT,33,0,True,1.0
test_l6,1289,CHECKOUT,33,1,True,1.0
test_l6,1289,CHECKOUT,33,2,True,1.0
test_l6,1289,CHECKOUT,33,3,True,1.0
test_l6,1289,CHECKOUT,33,4,True,1.0
test_l6,1290,CHECKOUT,44,0,True,1.0
test_l6,1290,CHECKOUT,44,1,True,1.0
test_l6,1290,CHECKOUT,44,2,True,1.0
test_l6,1290,CHECKOUT,44,3,True,1.0
test_l6,1290,CHECKOUT,44,4,True,1.0
test_l6,1291,CHECKOUT,44,0,True,1.0
test_l6,1291,CHECKOUT,44,1,True,1.0
test_l6,1291,CHECKOUT,44,2,True,1.0
test_l6,1291,CHECKOUT,44,3,True,1.0
test_l6,1291,CHECKOUT,44,4,True,1.0
test_l6,1292,CHECKOUT,44,0,True,1.0
test_l6,1292,CHECKOUT,44,1,True,1.0
test_l6,1292,CHECKOUT,44,2,True,1.0
test_l6,1292,CHECKOUT,44,3,True,1.0
test_l6,1292,CHECKOUT,44,4,True,1.0
test_l6,1293,CHECKOUT,44,0,True,1.0
test_l6,1293,CHECKOUT,44,1,True,1.0
test_l6,1293,CHECKOUT,44,2,True,1.0
test_l6,1293,CHECKOUT,44,3,True,1.0
test_l6,1293,CHECKOUT,44,4,True,1.0
test_l6,1294,CHECKOUT,44,0,True,1.0
test_l6,1294,CHECKOUT,44,1,True,1.0
test_l6,1294,CHECKOUT,44,2,True,1.0
test_l6,1294,CHECKOUT,44,3,True,1.0
test_l6,1294,CHECKOUT,44,4,True,1.0
test_l6,1295,CHECKOUT,55,0,True,1.0
test_l6,1295,CHECKOUT,55,1,True,1.0
test_l6,1295,CHECKOUT,55,2,True,1.0
test_l6,1295,CHECKOUT,55,3,True,1.0
test_l6,1295,CHECKOUT,55,4,True,1.0
test_l6,1296,CHECKOUT,55,0,True,1.0
test_l6,1296,CHECKOUT,55,1,True,1.0
test_l6,1296,CHECKOUT,55,2,True,1.0
test_l6,1296,CHECKOUT,55,3,True,1.0
test_l6,1296,CHECKOUT,55,4,True,1.0
test_l6,1297,CHECKOUT,55,0,True,1.0
test_l6,1297,CHECKOUT,55,1,True,1.0
test_l6,1297,CHECKOUT,55,2,True,1.0
test_l6,1297,CHECKOUT,55,3,True,1.0
test_l6,1297,CHECKOUT,55,4,True,1.0
test_l6,1298,CHECKOUT,55,0,True,1.0
test_l6,1298,CHECKOUT,55,1,True,1.0
test_l6,1298,CHECKOUT,55,2,True,1.0
test_l6,1298,CHECKOUT,55,3,True,1.0
test_l6,1298,CHECKOUT,55,4,True,1.0
test_l6,1299,CHECKOUT,55,0,True,1.0
test_l6,1299,CHECKOUT,55,1,True,1.0
test_l6,1299,CHECKOUT,55,2,True,1.0
test_l6,1299,CHECKOUT,55,3,True,1.0
test_l6,1299,CHECKOUT,55,4,True,1.0
