workflow,step_id,mutation_seed,candidate_count,selected_action,selected_q,runner_up_q,q_margin,correct_candidate_idx,correct_candidate_q,correct_candidate_rank,is_correct
LOGIN,ENTER_USERNAME,11,10,2,8.1962,7.9233,0.2729,2,8.1962,1,True
LOGIN,ENTER_PASSWORD,11,10,6,7.0557,7.0443,0.0115,8,6.9126,8,False
LOGIN,CLICK_LOGIN,11,10,8,5.4609,5.2603,0.2006,0,4.4358,10,False
LOGIN,VERIFY_DASHBOARD,11,10,3,4.7852,4.7366,0.0486,8,4.5937,6,False
LOGIN,ENTER_USERNAME,22,10,8,8.2228,7.8726,0.3502,8,8.2228,1,True
LOGIN,ENTER_PASSWORD,22,10,9,7.0094,6.991,0.0183,0,6.9395,5,False
LOGIN,CLICK_LOGIN,22,10,6,5.2644,5.1638,0.1006,8,4.4224,9,False
LOGIN,VERIFY_DASHBOARD,22,10,0,4.7879,4.7317,0.0562,0,4.7879,1,True
LOGIN,ENTER_USERNAME,33,10,5,8.2416,7.9017,0.3399,5,8.2416,1,True
LOGIN,ENTER_PASSWORD,33,10,5,7.0505,7.0342,0.0164,0,6.9458,6,False
LOGIN,CLICK_LOGIN,33,10,3,5.3965,5.2938,0.1027,1,4.4604,9,False
LOGIN,VERIFY_DASHBOARD,33,10,0,4.8165,4.7818,0.0347,0,4.8165,1,True
LOGIN,ENTER_USERNAME,44,10,5,8.24,7.9425,0.2975,5,8.24,1,True
LOGIN,ENTER_PASSWORD,44,10,0,7.0809,6.9837,0.0973,8,6.876,9,False
LOGIN,CLICK_LOGIN,44,10,0,5.8618,5.8017,0.0601,1,5.4878,5,False
LOGIN,VERIFY_DASHBOARD,44,10,3,4.9066,4.7223,0.1844,3,4.9066,1,True
LOGIN,ENTER_USERNAME,55,10,5,8.2058,7.8792,0.3266,5,8.2058,1,True
LOGIN,ENTER_PASSWORD,55,10,7,7.0181,7.0041,0.014,9,6.9396,6,False
LOGIN,CLICK_LOGIN,55,10,0,5.255,5.227,0.0281,7,4.3434,10,False
LOGIN,VERIFY_DASHBOARD,55,10,8,4.7297,4.7246,0.0051,9,4.5464,6,False
SEARCH,ENTER_SEARCH_QUERY,11,10,0,7.3264,7.0809,0.2455,0,7.3264,1,True
SEARCH,CLICK_SEARCH,11,10,6,6.3603,6.2846,0.0758,6,6.3603,1,True
SEARCH,SELECT_PRODUCT,11,10,6,5.5227,5.4766,0.0461,0,5.1838,7,False
SEARCH,ENTER_SEARCH_QUERY,22,10,7,7.4647,7.0663,0.3984,7,7.4647,1,True
SEARCH,CLICK_SEARCH,22,10,9,6.4988,6.2738,0.2249,9,6.4988,1,True
SEARCH,SELECT_PRODUCT,22,10,6,5.5131,5.4273,0.0857,3,5.3216,5,False
SEARCH,ENTER_SEARCH_QUERY,33,10,7,7.4325,7.0993,0.3332,7,7.4325,1,True
SEARCH,CLICK_SEARCH,33,10,1,6.3255,6.2722,0.0533,1,6.3255,1,True
SEARCH,SELECT_PRODUCT,33,10,3,5.5496,5.5074,0.0423,4,5.1288,8,False
SEARCH,ENTER_SEARCH_QUERY,44,10,7,7.382,7.0713,0.3107,7,7.382,1,True
SEARCH,CLICK_SEARCH,44,10,4,6.3442,6.2541,0.0901,3,6.1935,4,False
SEARCH,SELECT_PRODUCT,44,10,9,5.6489,5.5812,0.0677,0,5.4239,6,False
SEARCH,ENTER_SEARCH_QUERY,55,10,5,7.4155,7.0381,0.3774,5,7.4155,1,True
SEARCH,CLICK_SEARCH,55,10,2,6.5843,6.2007,0.3836,2,6.5843,1,True
SEARCH,SELECT_PRODUCT,55,10,0,5.4789,5.424,0.0549,3,5.2382,6,False
PROFILE,ENTER_NAME,11,10,2,8.1985,7.9282,0.2703,2,8.1985,1,True
PROFILE,ENTER_EMAIL,11,10,0,7.1022,7.0674,0.0348,7,7.0079,6,False
PROFILE,CLICK_SAVE,11,10,3,6.2793,6.0196,0.2597,7,5.3884,10,False
PROFILE,VERIFY_SUCCESS,11,10,9,6.0688,5.9791,0.0897,0,5.7774,5,False
PROFILE,ENTER_NAME,22,10,1,8.2244,7.8819,0.3425,1,8.2244,1,True
PROFILE,ENTER_EMAIL,22,10,4,7.0684,7.0558,0.0126,4,7.0684,1,True
PROFILE,CLICK_SAVE,22,10,9,6.2783,6.1301,0.1482,2,5.3362,9,False
PROFILE,VERIFY_SUCCESS,22,10,3,5.9404,5.9281,0.0123,5,5.8043,5,False
PROFILE,ENTER_NAME,33,10,2,8.2477,7.9064,0.3413,2,8.2477,1,True
PROFILE,ENTER_EMAIL,33,10,6,7.106,7.0969,0.0091,7,7.0779,3,False
PROFILE,CLICK_SAVE,33,10,7,6.3768,6.2926,0.0842,0,5.6482,10,False
PROFILE,VERIFY_SUCCESS,33,10,7,6.0176,6.0024,0.0152,0,5.6727,5,False
PROFILE,ENTER_NAME,44,10,5,8.2143,7.9596,0.2547,5,8.2143,1,True
PROFILE,ENTER_EMAIL,44,10,7,7.1537,7.0301,0.1236,9,6.9923,5,False
PROFILE,CLICK_SAVE,44,10,1,6.4861,6.413,0.0731,9,5.5386,10,False
PROFILE,VERIFY_SUCCESS,44,10,7,5.9973,5.9872,0.0101,0,5.6931,5,False
PROFILE,ENTER_NAME,55,10,3,8.1945,7.8863,0.3082,3,8.1945,1,True
PROFILE,ENTER_EMAIL,55,10,3,7.0842,7.0645,0.0197,3,7.0842,1,True
PROFILE,CLICK_SAVE,55,10,3,6.3019,6.1864,0.1156,0,5.1961,10,False
PROFILE,VERIFY_SUCCESS,55,10,2,5.987,5.9639,0.0231,7,5.7334,5,False
CHECKOUT,ADD_TO_CART,11,10,3,8.8265,8.6467,0.1798,2,8.5103,7,False
CHECKOUT,CLICK_CART,11,10,0,8.2666,8.2388,0.0279,4,8.2388,2,False
CHECKOUT,PROCEED_CHECKOUT,11,10,6,6.7331,6.5812,0.1519,7,6.1759,9,False
CHECKOUT,CONFIRM_ORDER,11,10,0,6.016,5.9881,0.0279,8,5.5352,5,False
CHECKOUT,VERIFY_ORDER_SUCCESS,11,10,6,6.0362,6.0172,0.0191,8,5.7326,6,False
CHECKOUT,ADD_TO_CART,22,10,4,8.7165,8.6922,0.0243,7,8.4864,6,False
CHECKOUT,CLICK_CART,22,10,0,8.274,8.2417,0.0323,0,8.274,1,True
CHECKOUT,PROCEED_CHECKOUT,22,10,0,6.7796,6.7657,0.0138,6,6.5823,5,False
CHECKOUT,CONFIRM_ORDER,22,10,2,5.8985,5.8321,0.0663,6,5.6836,5,False
CHECKOUT,VERIFY_ORDER_SUCCESS,22,10,1,5.989,5.9435,0.0455,8,5.8572,5,False
CHECKOUT,ADD_TO_CART,33,10,9,8.7656,8.6406,0.125,7,8.0929,10,False
CHECKOUT,CLICK_CART,33,10,5,8.2452,8.2436,0.0016,3,8.2436,2,False
CHECKOUT,PROCEED_CHECKOUT,33,10,6,6.5836,6.5801,0.0035,7,6.2372,5,False
CHECKOUT,CONFIRM_ORDER,33,10,1,5.9499,5.9286,0.0214,9,5.5455,5,False
CHECKOUT,VERIFY_ORDER_SUCCESS,33,10,6,6.0111,5.9813,0.0298,8,5.6938,7,False
CHECKOUT,ADD_TO_CART,44,10,0,8.6651,8.6062,0.0588,9,8.4588,5,False
CHECKOUT,CLICK_CART,44,10,8,8.3024,8.204,0.0984,8,8.3024,1,True
CHECKOUT,PROCEED_CHECKOUT,44,10,8,6.8806,6.8691,0.0115,2,6.495,5,False
CHECKOUT,CONFIRM_ORDER,44,10,2,6.0174,5.9254,0.092,9,5.5905,5,False
CHECKOUT,VERIFY_ORDER_SUCCESS,44,10,6,5.9932,5.9588,0.0344,7,5.6542,8,False
CHECKOUT,ADD_TO_CART,55,10,1,8.6005,8.5898,0.0107,9,8.4391,9,False
CHECKOUT,CLICK_CART,55,10,0,8.2338,8.2232,0.0107,1,8.167,5,False
CHECKOUT,PROCEED_CHECKOUT,55,10,6,6.6404,6.5748,0.0656,4,6.2207,5,False
CHECKOUT,CONFIRM_ORDER,55,10,0,5.9059,5.8581,0.0478,7,5.539,5,False
CHECKOUT,VERIFY_ORDER_SUCCESS,55,10,1,5.9781,5.9555,0.0225,4,5.8315,5,False
