split,episode_id,workflow,mutation_level,mutation_seed,environment_seed,success,return,decisions,optimal_decisions,decision_overhead,successful_step_actions,wrong_step_actions,invalid_actions,execution_failures,terminated,truncated,failure_reason,latency,checkpoint
validation,8,LOGIN,0,11,1815993211,True,8.8,4,4,0,4,0,0,0,True,False,NA,NA,artifacts/dqn/phase13-v1/latest_checkpoint.pt
validation,18,LOGIN,0,22,786773086,True,8.8,4,4,0,4,0,0,0,True,False,NA,NA,artifacts/dqn/phase13-v1/latest_checkpoint.pt
validation,28,LOGIN,0,33,1369600536,True,8.8,4,4,0,4,0,0,0,True,False,NA,NA,artifacts/dqn/phase13-v1/latest_checkpoint.pt
validation,38,LOGIN,0,44,881243063,True,8.8,4,4,0,4,0,0,0,True,False,NA,NA,artifacts/dqn/phase13-v1/latest_checkpoint.pt
validation,48,LOGIN,0,55,92293454,True,8.8,4,4,0,4,0,0,0,True,False,NA,NA,artifacts/dqn/phase13-v1/latest_checkpoint.pt
validation,58,LOGIN,1,11,838231427,True,8.8,4,4,0,4,0,0,0,True,False,NA,NA,artifacts/dqn/phase13-v1/latest_checkpoint.pt
validation,68,LOGIN,1,22,389632446,True,8.8,4,4,0,4,0,0,0,True,False,NA,NA,artifacts/dqn/phase13-v1/latest_checkpoint.pt
validation,78,LOGIN,1,33,300401709,True,8.8,4,4,0,4,0,0,0,True,False,NA,NA,artifacts/dqn/phase13-v1/latest_checkpoint.pt
validation,88,LOGIN,1,44,1785443531,True,8.8,4,4,0,4,0,0,0,True,False,NA,NA,artifacts/dqn/phase13-v1/latest_checkpoint.pt
validation,98,LOGIN,1,55,2007938191,True,8.8,4,4,0,4,0,0,0,True,False,NA,NA,artifacts/dqn/phase13-v1/latest_checkpoint.pt
validation,108,LOGIN,2,11,32040917,True,8.8,4,4,0,4,0,0,0,True,False,NA,NA,artifacts/dqn/phase13-v1/latest_checkpoint.pt
validation,118,LOGIN,2,22,2049407051,True,8.8,4,4,0,4,0,0,0,True,False,NA,NA,artifacts/dqn/phase13-v1/latest_checkpoint.pt
validation,128,LOGIN,2,33,954820494,True,8.8,4,4,0,4,0,0,0,True,False,NA,NA,artifacts/dqn/phase13-v1/latest_checkpoint.pt
validation,138,LOGIN,2,44,1000303505,True,8.8,4,4,0,4,0,0,0,True,False,NA,NA,artifacts/dqn/phase13-v1/latest_checkpoint.pt
validation,148,LOGIN,2,55,1580431555,True,8.8,4,4,0,4,0,0,0,True,False,NA,NA,artifacts/dqn/phase13-v1/latest_checkpoint.pt
validation,158,LOGIN,3,11,732750462,True,8.8,4,4,0,4,0,0,0,True,False,NA,NA,artifacts/dqn/phase13-v1/latest_checkpoint.pt
validation,168,LOGIN,3,22,1625207661,True,8.8,4,4,0,4,0,0,0,True,False,NA,NA,artifacts/dqn/phase13-v1/latest_checkpoint.pt
validation,178,LOGIN,3,33,2093467632,True,8.8,4,4,0,4,0,0,0,True,False,NA,NA,artifacts/dqn/phase13-v1/latest_checkpoint.pt
validation,188,LOGIN,3,44,1865808066,True,8.8,4,4,0,4,0,0,0,True,False,NA,NA,artifacts/dqn/phase13-v1/latest_checkpoint.pt
validation,198,LOGIN,3,55,1922769094,True,8.8,4,4,0,4,0,0,0,True,False,NA,NA,artifacts/dqn/phase13-v1/latest_checkpoint.pt
validation,208,LOGIN,4,11,1357797428,True,8.8,4,4,0,4,0,0,0,True,False,NA,NA,artifacts/dqn/phase13-v1/latest_checkpoint.pt
validation,218,LOGIN,4,22,1032697607,True,8.8,4,4,0,4,0,0,0,True,False,NA,NA,artifacts/dqn/phase13-v1/latest_checkpoint.pt
validation,228,LOGIN,4,33,1134156052,True,8.8,4,4,0,4,0,0,0,True,False,NA,NA,artifacts/dqn/phase13-v1/latest_checkpoint.pt
validation,238,LOGIN,4,44,66659205,True,8.8,4,4,0,4,0,0,0,True,False,NA,NA,artifacts/dqn/phase13-v1/latest_checkpoint.pt
validation,248,LOGIN,4,55,1642358632,True,8.8,4,4,0,4,0,0,0,True,False,NA,NA,artifacts/dqn/phase13-v1/latest_checkpoint.pt
validation,258,LOGIN,5,11,2041658394,True,8.8,4,4,0,4,0,0,0,True,False,NA,NA,artifacts/dqn/phase13-v1/latest_checkpoint.pt
validation,268,LOGIN,5,22,683367863,True,8.8,4,4,0,4,0,0,0,True,False,NA,NA,artifacts/dqn/phase13-v1/latest_checkpoint.pt
validation,278,LOGIN,5,33,1179277186,True,8.8,4,4,0,4,0,0,0,True,False,NA,NA,artifacts/dqn/phase13-v1/latest_checkpoint.pt
validation,288,LOGIN,5,44,144783073,True,8.8,4,4,0,4,0,0,0,True,False,NA,NA,artifacts/dqn/phase13-v1/latest_checkpoint.pt
validation,298,LOGIN,5,55,1971877345,True,8.8,4,4,0,4,0,0,0,True,False,NA,NA,artifacts/dqn/phase13-v1/latest_checkpoint.pt
validation,308,SEARCH,0,11,1142965932,True,7.85,3,3,0,3,0,0,0,True,False,NA,NA,artifacts/dqn/phase13-v1/latest_checkpoint.pt
validation,318,SEARCH,0,22,640100898,True,7.85,3,3,0,3,0,0,0,True,False,NA,NA,artifacts/dqn/phase13-v1/latest_checkpoint.pt
validation,328,SEARCH,0,33,1330916487,True,7.85,3,3,0,3,0,0,0,True,False,NA,NA,artifacts/dqn/phase13-v1/latest_checkpoint.pt
validation,338,SEARCH,0,44,662359430,True,7.85,3,3,0,3,0,0,0,True,False,NA,NA,artifacts/dqn/phase13-v1/latest_checkpoint.pt
validation,348,SEARCH,0,55,1266372165,True,7.85,3,3,0,3,0,0,0,True,False,NA,NA,artifacts/dqn/phase13-v1/latest_checkpoint.pt
validation,358,SEARCH,1,11,428059175,True,7.85,3,3,0,3,0,0,0,True,False,NA,NA,artifacts/dqn/phase13-v1/latest_checkpoint.pt
validation,368,SEARCH,1,22,907708469,True,7.85,3,3,0,3,0,0,0,True,False,NA,NA,artifacts/dqn/phase13-v1/latest_checkpoint.pt
validation,378,SEARCH,1,33,224613653,True,7.85,3,3,0,3,0,0,0,True,False,NA,NA,artifacts/dqn/phase13-v1/latest_checkpoint.pt
validation,388,SEARCH,1,44,893376564,True,7.85,3,3,0,3,0,0,0,True,False,NA,NA,artifacts/dqn/phase13-v1/latest_checkpoint.pt
validation,398,SEARCH,1,55,1665075826,True,7.85,3,3,0,3,0,0,0,True,False,NA,NA,artifacts/dqn/phase13-v1/latest_checkpoint.pt
validation,408,SEARCH,2,11,517228848,True,7.85,3,3,0,3,0,0,0,True,False,NA,NA,artifacts/dqn/phase13-v1/latest_checkpoint.pt
validation,418,SEARCH,2,22,1966796120,True,7.85,3,3,0,3,0,0,0,True,False,NA,NA,artifacts/dqn/phase13-v1/latest_checkpoint.pt
validation,428,SEARCH,2,33,455541873,True,7.85,3,3,0,3,0,0,0,True,False,NA,NA,artifacts/dqn/phase13-v1/latest_checkpoint.pt
validation,438,SEARCH,2,44,1165502157,True,7.85,3,3,0,3,0,0,0,True,False,NA,NA,artifacts/dqn/phase13-v1/latest_checkpoint.pt
validation,448,SEARCH,2,55,2135406445,True,7.85,3,3,0,3,0,0,0,True,False,NA,NA,artifacts/dqn/phase13-v1/latest_checkpoint.pt
validation,458,SEARCH,3,11,94876492,True,7.85,3,3,0,3,0,0,0,True,False,NA,NA,artifacts/dqn/phase13-v1/latest_checkpoint.pt
validation,468,SEARCH,3,22,1277290186,True,7.85,3,3,0,3,0,0,0,True,False,NA,NA,artifacts/dqn/phase13-v1/latest_checkpoint.pt
validation,478,SEARCH,3,33,1132383664,True,7.85,3,3,0,3,0,0,0,True,False,NA,NA,artifacts/dqn/phase13-v1/latest_checkpoint.pt
validation,488,SEARCH,3,44,809439757,True,7.85,3,3,0,3,0,0,0,True,False,NA,NA,artifacts/dqn/phase13-v1/latest_checkpoint.pt
validation,498,SEARCH,3,55,388232014,True,7.85,3,3,0,3,0,0,0,True,False,NA,NA,artifacts/dqn/phase13-v1/latest_checkpoint.pt
validation,508,SEARCH,4,11,1206551172,True,7.85,3,3,0,3,0,0,0,True,False,NA,NA,artifacts/dqn/phase13-v1/latest_checkpoint.pt
validation,518,SEARCH,4,22,1861751892,True,7.85,3,3,0,3,0,0,0,True,False,NA,NA,artifacts/dqn/phase13-v1/latest_checkpoint.pt
validation,528,SEARCH,4,33,1299453963,True,7.85,3,3,0,3,0,0,0,True,False,NA,NA,artifacts/dqn/phase13-v1/latest_checkpoint.pt
validation,538,SEARCH,4,44,1992834282,True,7.85,3,3,0,3,0,0,0,True,False,NA,NA,artifacts/dqn/phase13-v1/latest_checkpoint.pt
validation,548,SEARCH,4,55,1500376431,True,7.85,3,3,0,3,0,0,0,True,False,NA,NA,artifacts/dqn/phase13-v1/latest_checkpoint.pt
validation,558,SEARCH,5,11,236877580,True,7.85,3,3,0,3,0,0,0,True,False,NA,NA,artifacts/dqn/phase13-v1/latest_checkpoint.pt
validation,568,SEARCH,5,22,1651924706,True,7.85,3,3,0,3,0,0,0,True,False,NA,NA,artifacts/dqn/phase13-v1/latest_checkpoint.pt
validation,578,SEARCH,5,33,39508301,True,7.85,3,3,0,3,0,0,0,True,False,NA,NA,artifacts/dqn/phase13-v1/latest_checkpoint.pt
validation,588,SEARCH,5,44,47494233,True,7.85,3,3,0,3,0,0,0,True,False,NA,NA,artifacts/dqn/phase13-v1/latest_checkpoint.pt
validation,598,SEARCH,5,55,1993188824,True,7.85,3,3,0,3,0,0,0,True,False,NA,NA,artifacts/dqn/phase13-v1/latest_checkpoint.pt
validation,608,PROFILE,0,11,1177850997,True,8.8,4,4,0,4,0,0,0,True,False,NA,NA,artifacts/dqn/phase13-v1/latest_checkpoint.pt
validation,618,PROFILE,0,22,1264544956,True,8.8,4,4,0,4,0,0,0,True,False,NA,NA,artifacts/dqn/phase13-v1/latest_checkpoint.pt
validation,628,PROFILE,0,33,126502562,True,8.8,4,4,0,4,0,0,0,True,False,NA,NA,artifacts/dqn/phase13-v1/latest_checkpoint.pt
validation,638,PROFILE,0,44,1366637238,True,8.8,4,4,0,4,0,0,0,True,False,NA,NA,artifacts/dqn/phase13-v1/latest_checkpoint.pt
validation,648,PROFILE,0,55,231272152,True,8.8,4,4,0,4,0,0,0,True,False,NA,NA,artifacts/dqn/phase13-v1/latest_checkpoint.pt
validation,658,PROFILE,1,11,219938821,True,8.8,4,4,0,4,0,0,0,True,False,NA,NA,artifacts/dqn/phase13-v1/latest_checkpoint.pt
validation,668,PROFILE,1,22,407452783,True,8.8,4,4,0,4,0,0,0,True,False,NA,NA,artifacts/dqn/phase13-v1/latest_checkpoint.pt
validation,678,PROFILE,1,33,344830236,True,8.8,4,4,0,4,0,0,0,True,False,NA,NA,artifacts/dqn/phase13-v1/latest_checkpoint.pt
validation,688,PROFILE,1,44,1401417951,True,8.8,4,4,0,4,0,0,0,True,False,NA,NA,artifacts/dqn/phase13-v1/latest_checkpoint.pt
validation,698,PROFILE,1,55,278803605,True,8.8,4,4,0,4,0,0,0,True,False,NA,NA,artifacts/dqn/phase13-v1/latest_checkpoint.pt
validation,708,PROFILE,2,11,1712428167,True,8.8,4,4,0,4,0,0,0,True,False,NA,NA,artifacts/dqn/phase13-v1/latest_checkpoint.pt
validation,718,PROFILE,2,22,1938438988,True,8.8,4,4,0,4,0,0,0,True,False,NA,NA,artifacts/dqn/phase13-v1/latest_checkpoint.pt
validation,728,PROFILE,2,33,1835701424,True,8.8,4,4,0,4,0,0,0,True,False,NA,NA,artifacts/dqn/phase13-v1/latest_checkpoint.pt
validation,738,PROFILE,2,44,449448579,True,8.8,4,4,0,4,0,0,0,True,False,NA,NA,artifacts/dqn/phase13-v1/latest_checkpoint.pt
validation,748,PROFILE,2,55,1517487505,True,8.8,4,4,0,4,0,0,0,True,False,NA,NA,artifacts/dqn/phase13-v1/latest_checkpoint.pt
validation,758,PROFILE,3,11,1941308189,True,8.8,4,4,0,4,0,0,0,True,False,NA,NA,artifacts/dqn/phase13-v1/latest_checkpoint.pt
validation,768,PROFILE,3,22,786745129,True,8.8,4,4,0,4,0,0,0,True,False,NA,NA,artifacts/dqn/phase13-v1/latest_checkpoint.pt
validation,778,PROFILE,3,33,983895296,True,8.8,4,4,0,4,0,0,0,True,False,NA,NA,artifacts/dqn/phase13-v1/latest_checkpoint.pt
validation,788,PROFILE,3,44,2093290717,True,8.8,4,4,0,4,0,0,0,True,False,NA,NA,artifacts/dqn/phase13-v1/latest_checkpoint.pt
validation,798,PROFILE,3,55,1995311521,True,8.8,4,4,0,4,0,0,0,True,False,NA,NA,artifacts/dqn/phase13-v1/latest_checkpoint.pt
validation,808,PROFILE,4,11,1616208972,True,8.8,4,4,0,4,0,0,0,True,False,NA,NA,artifacts/dqn/phase13-v1/latest_checkpoint.pt
validation,818,PROFILE,4,22,788734676,True,8.8,4,4,0,4,0,0,0,True,False,NA,NA,artifacts/dqn/phase13-v1/latest_checkpoint.pt
validation,828,PROFILE,4,33,2063008822,True,8.8,4,4,0,4,0,0,0,True,False,NA,NA,artifacts/dqn/phase13-v1/latest_checkpoint.pt
validation,838,PROFILE,4,44,9259166,True,8.8,4,4,0,4,0,0,0,True,False,NA,NA,artifacts/dqn/phase13-v1/latest_checkpoint.pt
validation,848,PROFILE,4,55,1521368372,True,8.8,4,4,0,4,0,0,0,True,False,NA,NA,artifacts/dqn/phase13-v1/latest_checkpoint.pt
validation,858,PROFILE,5,11,959396527,True,8.8,4,4,0,4,0,0,0,True,False,NA,NA,artifacts/dqn/phase13-v1/latest_checkpoint.pt
validation,868,PROFILE,5,22,750269045,True,8.8,4,4,0,4,0,0,0,True,False,NA,NA,artifacts/dqn/phase13-v1/latest_checkpoint.pt
validation,878,PROFILE,5,33,1733961058,True,8.8,4,4,0,4,0,0,0,True,False,NA,NA,artifacts/dqn/phase13-v1/latest_checkpoint.pt
validation,888,PROFILE,5,44,1652689349,True,8.8,4,4,0,4,0,0,0,True,False,NA,NA,artifacts/dqn/phase13-v1/latest_checkpoint.pt
validation,898,PROFILE,5,55,847073255,True,8.8,4,4,0,4,0,0,0,True,False,NA,NA,artifacts/dqn/phase13-v1/latest_checkpoint.pt
validation,908,CHECKOUT,0,11,643458136,True,9.75,5,5,0,5,0,0,0,True,False,NA,NA,artifacts/dqn/phase13-v1/latest_checkpoint.pt
validation,918,CHECKOUT,0,22,834075938,True,9.75,5,5,0,5,0,0,0,True,False,NA,NA,artifacts/dqn/phase13-v1/latest_checkpoint.pt
validation,928,CHECKOUT,0,33,1680120438,True,9.75,5,5,0,5,0,0,0,True,False,NA,NA,artifacts/dqn/phase13-v1/latest_checkpoint.pt
validation,938,CHECKOUT,0,44,1731440045,True,9.75,5,5,0,5,0,0,0,True,False,NA,NA,artifacts/dqn/phase13-v1/latest_checkpoint.pt
validation,948,CHECKOUT,0,55,1783190793,True,9.75,5,5,0,5,0,0,0,True,False,NA,NA,artifacts/dqn/phase13-v1/latest_checkpoint.pt
validation,958,CHECKOUT,1,11,1333544949,True,9.75,5,5,0,5,0,0,0,True,False,NA,NA,artifacts/dqn/phase13-v1/latest_checkpoint.pt
validation,968,CHECKOUT,1,22,286972948,True,9.75,5,5,0,5,0,0,0,True,False,NA,NA,artifacts/dqn/phase13-v1/latest_checkpoint.pt
validation,978,CHECKOUT,1,33,827488861,True,9.75,5,5,0,5,0,0,0,True,False,NA,NA,artifacts/dqn/phase13-v1/latest_checkpoint.pt
validation,988,CHECKOUT,1,44,163344969,True,9.75,5,5,0,5,0,0,0,True,False,NA,NA,artifacts/dqn/phase13-v1/latest_checkpoint.pt
validation,998,CHECKOUT,1,55,531045973,True,9.75,5,5,0,5,0,0,0,True,False,NA,NA,artifacts/dqn/phase13-v1/latest_checkpoint.pt
validation,1008,CHECKOUT,2,11,4298098,True,9.75,5,5,0,5,0,0,0,True,False,NA,NA,artifacts/dqn/phase13-v1/latest_checkpoint.pt
validation,1018,CHECKOUT,2,22,596184997,True,9.75,5,5,0,5,0,0,0,True,False,NA,NA,artifacts/dqn/phase13-v1/latest_checkpoint.pt
validation,1028,CHECKOUT,2,33,575503905,True,9.75,5,5,0,5,0,0,0,True,False,NA,NA,artifacts/dqn/phase13-v1/latest_checkpoint.pt
validation,1038,CHECKOUT,2,44,352612942,True,9.75,5,5,0,5,0,0,0,True,False,NA,NA,artifacts/dqn/phase13-v1/latest_checkpoint.pt
validation,1048,CHECKOUT,2,55,1560509941,True,9.75,5,5,0,5,0,0,0,True,False,NA,NA,artifacts/dqn/phase13-v1/latest_checkpoint.pt
validation,1058,CHECKOUT,3,11,101608052,True,9.75,5,5,0,5,0,0,0,True,False,NA,NA,artifacts/dqn/phase13-v1/latest_checkpoint.pt
validation,1068,CHECKOUT,3,22,357670662,True,9.75,5,5,0,5,0,0,0,True,False,NA,NA,artifacts/dqn/phase13-v1/latest_checkpoint.pt
validation,1078,CHECKOUT,3,33,1140376763,True,9.75,5,5,0,5,0,0,0,True,False,NA,NA,artifacts/dqn/phase13-v1/latest_checkpoint.pt
validation,1088,CHECKOUT,3,44,1467640036,True,9.75,5,5,0,5,0,0,0,True,False,NA,NA,artifacts/dqn/phase13-v1/latest_checkpoint.pt
validation,1098,CHECKOUT,3,55,132071839,True,9.75,5,5,0,5,0,0,0,True,False,NA,NA,artifacts/dqn/phase13-v1/latest_checkpoint.pt
validation,1108,CHECKOUT,4,11,1894788870,True,9.75,5,5,0,5,0,0,0,True,False,NA,NA,artifacts/dqn/phase13-v1/latest_checkpoint.pt
validation,1118,CHECKOUT,4,22,2052023829,True,9.75,5,5,0,5,0,0,0,True,False,NA,NA,artifacts/dqn/phase13-v1/latest_checkpoint.pt
validation,1128,CHECKOUT,4,33,448563241,True,9.75,5,5,0,5,0,0,0,True,False,NA,NA,artifacts/dqn/phase13-v1/latest_checkpoint.pt
validation,1138,CHECKOUT,4,44,707198124,True,9.75,5,5,0,5,0,0,0,True,False,NA,NA,artifacts/dqn/phase13-v1/latest_checkpoint.pt
validation,1148,CHECKOUT,4,55,561750711,True,9.75,5,5,0,5,0,0,0,True,False,NA,NA,artifacts/dqn/phase13-v1/latest_checkpoint.pt
validation,1158,CHECKOUT,5,11,1898018682,True,9.75,5,5,0,5,0,0,0,True,False,NA,NA,artifacts/dqn/phase13-v1/latest_checkpoint.pt
validation,1168,CHECKOUT,5,22,1477785218,True,9.75,5,5,0,5,0,0,0,True,False,NA,NA,artifacts/dqn/phase13-v1/latest_checkpoint.pt
validation,1178,CHECKOUT,5,33,408852616,True,9.75,5,5,0,5,0,0,0,True,False,NA,NA,artifacts/dqn/phase13-v1/latest_checkpoint.pt
validation,1188,CHECKOUT,5,44,1087499624,True,9.75,5,5,0,5,0,0,0,True,False,NA,NA,artifacts/dqn/phase13-v1/latest_checkpoint.pt
validation,1198,CHECKOUT,5,55,1965033847,True,9.75,5,5,0,5,0,0,0,True,False,NA,NA,artifacts/dqn/phase13-v1/latest_checkpoint.pt
test-id,9,LOGIN,0,11,339074680,True,8.8,4,4,0,4,0,0,0,True,False,NA,NA,artifacts/dqn/phase13-v1/latest_checkpoint.pt
test-id,19,LOGIN,0,22,1848698417,True,8.8,4,4,0,4,0,0,0,True,False,NA,NA,artifacts/dqn/phase13-v1/latest_checkpoint.pt
test-id,29,LOGIN,0,33,1508809936,True,8.8,4,4,0,4,0,0,0,True,False,NA,NA,artifacts/dqn/phase13-v1/latest_checkpoint.pt
test-id,39,LOGIN,0,44,1446405083,True,8.8,4,4,0,4,0,0,0,True,False,NA,NA,artifacts/dqn/phase13-v1/latest_checkpoint.pt
test-id,49,LOGIN,0,55,153676295,True,8.8,4,4,0,4,0,0,0,True,False,NA,NA,artifacts/dqn/phase13-v1/latest_checkpoint.pt
test-id,59,LOGIN,1,11,331003937,True,8.8,4,4,0,4,0,0,0,True,False,NA,NA,artifacts/dqn/phase13-v1/latest_checkpoint.pt
test-id,69,LOGIN,1,22,1279598903,True,8.8,4,4,0,4,0,0,0,True,False,NA,NA,artifacts/dqn/phase13-v1/latest_checkpoint.pt
test-id,79,LOGIN,1,33,1911702735,True,8.8,4,4,0,4,0,0,0,True,False,NA,NA,artifacts/dqn/phase13-v1/latest_checkpoint.pt
test-id,89,LOGIN,1,44,1581273083,True,8.8,4,4,0,4,0,0,0,True,False,NA,NA,artifacts/dqn/phase13-v1/latest_checkpoint.pt
test-id,99,LOGIN,1,55,1258146572,True,8.8,4,4,0,4,0,0,0,True,False,NA,NA,artifacts/dqn/phase13-v1/latest_checkpoint.pt
test-id,109,LOGIN,2,11,114305040,True,8.8,4,4,0,4,0,0,0,True,False,NA,NA,artifacts/dqn/phase13-v1/latest_checkpoint.pt
test-id,119,LOGIN,2,22,1254599032,True,8.8,4,4,0,4,0,0,0,True,False,NA,NA,artifacts/dqn/phase13-v1/latest_checkpoint.pt
test-id,129,LOGIN,2,33,1308283898,True,8.8,4,4,0,4,0,0,0,True,False,NA,NA,artifacts/dqn/phase13-v1/latest_checkpoint.pt
test-id,139,LOGIN,2,44,624507762,True,8.8,4,4,0,4,0,0,0,True,False,NA,NA,artifacts/dqn/phase13-v1/latest_checkpoint.pt
test-id,149,LOGIN,2,55,1408495276,True,8.8,4,4,0,4,0,0,0,True,False,NA,NA,artifacts/dqn/phase13-v1/latest_checkpoint.pt
test-id,159,LOGIN,3,11,323008321,True,8.8,4,4,0,4,0,0,0,True,False,NA,NA,artifacts/dqn/phase13-v1/latest_checkpoint.pt
test-id,169,LOGIN,3,22,584571273,True,8.8,4,4,0,4,0,0,0,True,False,NA,NA,artifacts/dqn/phase13-v1/latest_checkpoint.pt
test-id,179,LOGIN,3,33,675238336,True,8.8,4,4,0,4,0,0,0,True,False,NA,NA,artifacts/dqn/phase13-v1/latest_checkpoint.pt
test-id,189,LOGIN,3,44,1308208701,True,8.8,4,4,0,4,0,0,0,True,False,NA,NA,artifacts/dqn/phase13-v1/latest_checkpoint.pt
test-id,199,LOGIN,3,55,626231770,True,8.8,4,4,0,4,0,0,0,True,False,NA,NA,artifacts/dqn/phase13-v1/latest_checkpoint.pt
test-id,209,LOGIN,4,11,1176838051,True,8.8,4,4,0,4,0,0,0,True,False,NA,NA,artifacts/dqn/phase13-v1/latest_checkpoint.pt
test-id,219,LOGIN,4,22,1510189239,True,8.8,4,4,0,4,0,0,0,True,False,NA,NA,artifacts/dqn/phase13-v1/latest_checkpoint.pt
test-id,229,LOGIN,4,33,972035567,True,8.8,4,4,0,4,0,0,0,True,False,NA,NA,artifacts/dqn/phase13-v1/latest_checkpoint.pt
test-id,239,LOGIN,4,44,1623261352,True,8.8,4,4,0,4,0,0,0,True,False,NA,NA,artifacts/dqn/phase13-v1/latest_checkpoint.pt
test-id,249,LOGIN,4,55,1307258759,True,8.8,4,4,0,4,0,0,0,True,False,NA,NA,artifacts/dqn/phase13-v1/latest_checkpoint.pt
test-id,259,LOGIN,5,11,178443319,True,8.8,4,4,0,4,0,0,0,True,False,NA,NA,artifacts/dqn/phase13-v1/latest_checkpoint.pt
test-id,269,LOGIN,5,22,2124350254,True,8.8,4,4,0,4,0,0,0,True,False,NA,NA,artifacts/dqn/phase13-v1/latest_checkpoint.pt
test-id,279,LOGIN,5,33,1808206036,True,8.8,4,4,0,4,0,0,0,True,False,NA,NA,artifacts/dqn/phase13-v1/latest_checkpoint.pt
test-id,289,LOGIN,5,44,1353353585,True,8.8,4,4,0,4,0,0,0,True,False,NA,NA,artifacts/dqn/phase13-v1/latest_checkpoint.pt
test-id,299,LOGIN,5,55,306608737,True,8.8,4,4,0,4,0,0,0,True,False,NA,NA,artifacts/dqn/phase13-v1/latest_checkpoint.pt
test-id,309,SEARCH,0,11,1214988185,True,7.85,3,3,0,3,0,0,0,True,False,NA,NA,artifacts/dqn/phase13-v1/latest_checkpoint.pt
test-id,319,SEARCH,0,22,88232341,True,7.85,3,3,0,3,0,0,0,True,False,NA,NA,artifacts/dqn/phase13-v1/latest_checkpoint.pt
test-id,329,SEARCH,0,33,1319561457,True,7.85,3,3,0,3,0,0,0,True,False,NA,NA,artifacts/dqn/phase13-v1/latest_checkpoint.pt
test-id,339,SEARCH,0,44,1194585743,True,7.85,3,3,0,3,0,0,0,True,False,NA,NA,artifacts/dqn/phase13-v1/latest_checkpoint.pt
test-id,349,SEARCH,0,55,916463235,True,7.85,3,3,0,3,0,0,0,True,False,NA,NA,artifacts/dqn/phase13-v1/latest_checkpoint.pt
test-id,359,SEARCH,1,11,258834666,True,7.85,3,3,0,3,0,0,0,True,False,NA,NA,artifacts/dqn/phase13-v1/latest_checkpoint.pt
test-id,369,SEARCH,1,22,898175061,True,7.85,3,3,0,3,0,0,0,True,False,NA,NA,artifacts/dqn/phase13-v1/latest_checkpoint.pt
test-id,379,SEARCH,1,33,1636754933,True,7.85,3,3,0,3,0,0,0,True,False,NA,NA,artifacts/dqn/phase13-v1/latest_checkpoint.pt
test-id,389,SEARCH,1,44,498531808,True,7.85,3,3,0,3,0,0,0,True,False,NA,NA,artifacts/dqn/phase13-v1/latest_checkpoint.pt
test-id,399,SEARCH,1,55,1427614547,True,7.85,3,3,0,3,0,0,0,True,False,NA,NA,artifacts/dqn/phase13-v1/latest_checkpoint.pt
test-id,409,SEARCH,2,11,908223699,True,7.85,3,3,0,3,0,0,0,True,False,NA,NA,artifacts/dqn/phase13-v1/latest_checkpoint.pt
test-id,419,SEARCH,2,22,291210525,True,7.85,3,3,0,3,0,0,0,True,False,NA,NA,artifacts/dqn/phase13-v1/latest_checkpoint.pt
test-id,429,SEARCH,2,33,1182824546,True,7.85,3,3,0,3,0,0,0,True,False,NA,NA,artifacts/dqn/phase13-v1/latest_checkpoint.pt
test-id,439,SEARCH,2,44,1035426162,True,7.85,3,3,0,3,0,0,0,True,False,NA,NA,artifacts/dqn/phase13-v1/latest_checkpoint.pt
test-id,449,SEARCH,2,55,1289018137,True,7.85,3,3,0,3,0,0,0,True,False,NA,NA,artifacts/dqn/phase13-v1/latest_checkpoint.pt
test-id,459,SEARCH,3,11,144542302,True,7.85,3,3,0,3,0,0,0,True,False,NA,NA,artifacts/dqn/phase13-v1/latest_checkpoint.pt
test-id,469,SEARCH,3,22,1085021696,True,7.85,3,3,0,3,0,0,0,True,False,NA,NA,artifacts/dqn/phase13-v1/latest_checkpoint.pt
test-id,479,SEARCH,3,33,1354218229,True,7.85,3,3,0,3,0,0,0,True,False,NA,NA,artifacts/dqn/phase13-v1/latest_checkpoint.pt
test-id,489,SEARCH,3,44,909121510,True,7.85,3,3,0,3,0,0,0,True,False,NA,NA,artifacts/dqn/phase13-v1/latest_checkpoint.pt
test-id,499,SEARCH,3,55,1432391346,True,7.85,3,3,0,3,0,0,0,True,False,NA,NA,artifacts/dqn/phase13-v1/latest_checkpoint.pt
test-id,509,SEARCH,4,11,1361462097,True,7.85,3,3,0,3,0,0,0,True,False,NA,NA,artifacts/dqn/phase13-v1/latest_checkpoint.pt
test-id,519,SEARCH,4,22,1898270781,True,7.85,3,3,0,3,0,0,0,True,False,NA,NA,artifacts/dqn/phase13-v1/latest_checkpoint.pt
test-id,529,SEARCH,4,33,1648069183,True,7.85,3,3,0,3,0,0,0,True,False,NA,NA,artifacts/dqn/phase13-v1/latest_checkpoint.pt
test-id,539,SEARCH,4,44,476941596,True,7.85,3,3,0,3,0,0,0,True,False,NA,NA,artifacts/dqn/phase13-v1/latest_checkpoint.pt
test-id,549,SEARCH,4,55,261573770,True,7.85,3,3,0,3,0,0,0,True,False,NA,NA,artifacts/dqn/phase13-v1/latest_checkpoint.pt
test-id,559,SEARCH,5,11,23645291,True,7.85,3,3,0,3,0,0,0,True,False,NA,NA,artifacts/dqn/phase13-v1/latest_checkpoint.pt
test-id,569,SEARCH,5,22,220154090,True,7.85,3,3,0,3,0,0,0,True,False,NA,NA,artifacts/dqn/phase13-v1/latest_checkpoint.pt
test-id,579,SEARCH,5,33,1747087457,True,7.85,3,3,0,3,0,0,0,True,False,NA,NA,artifacts/dqn/phase13-v1/latest_checkpoint.pt
test-id,589,SEARCH,5,44,808920933,True,7.85,3,3,0,3,0,0,0,True,False,NA,NA,artifacts/dqn/phase13-v1/latest_checkpoint.pt
test-id,599,SEARCH,5,55,567750946,True,7.85,3,3,0,3,0,0,0,True,False,NA,NA,artifacts/dqn/phase13-v1/latest_checkpoint.pt
test-id,609,PROFILE,0,11,1294417325,True,8.8,4,4,0,4,0,0,0,True,False,NA,NA,artifacts/dqn/phase13-v1/latest_checkpoint.pt
test-id,619,PROFILE,0,22,1746840400,True,8.8,4,4,0,4,0,0,0,True,False,NA,NA,artifacts/dqn/phase13-v1/latest_checkpoint.pt
test-id,629,PROFILE,0,33,967512336,True,8.8,4,4,0,4,0,0,0,True,False,NA,NA,artifacts/dqn/phase13-v1/latest_checkpoint.pt
test-id,639,PROFILE,0,44,1311508740,True,8.8,4,4,0,4,0,0,0,True,False,NA,NA,artifacts/dqn/phase13-v1/latest_checkpoint.pt
test-id,649,PROFILE,0,55,1336303707,True,8.8,4,4,0,4,0,0,0,True,False,NA,NA,artifacts/dqn/phase13-v1/latest_checkpoint.pt
test-id,659,PROFILE,1,11,419074942,True,8.8,4,4,0,4,0,0,0,True,False,NA,NA,artifacts/dqn/phase13-v1/latest_checkpoint.pt
test-id,669,PROFILE,1,22,654597522,True,8.8,4,4,0,4,0,0,0,True,False,NA,NA,artifacts/dqn/phase13-v1/latest_checkpoint.pt
test-id,679,PROFILE,1,33,2131404952,True,8.8,4,4,0,4,0,0,0,True,False,NA,NA,artifacts/dqn/phase13-v1/latest_checkpoint.pt
test-id,689,PROFILE,1,44,138127084,True,8.8,4,4,0,4,0,0,0,True,False,NA,NA,artifacts/dqn/phase13-v1/latest_checkpoint.pt
test-id,699,PROFILE,1,55,1090904908,True,8.8,4,4,0,4,0,0,0,True,False,NA,NA,artifacts/dqn/phase13-v1/latest_checkpoint.pt
test-id,709,PROFILE,2,11,475253386,True,8.8,4,4,0,4,0,0,0,True,False,NA,NA,artifacts/dqn/phase13-v1/latest_checkpoint.pt
test-id,719,PROFILE,2,22,1219602838,True,8.8,4,4,0,4,0,0,0,True,False,NA,NA,artifacts/dqn/phase13-v1/latest_checkpoint.pt
test-id,729,PROFILE,2,33,1997272414,True,8.8,4,4,0,4,0,0,0,True,False,NA,NA,artifacts/dqn/phase13-v1/latest_checkpoint.pt
test-id,739,PROFILE,2,44,834858329,True,8.8,4,4,0,4,0,0,0,True,False,NA,NA,artifacts/dqn/phase13-v1/latest_checkpoint.pt
test-id,749,PROFILE,2,55,878937271,True,8.8,4,4,0,4,0,0,0,True,False,NA,NA,artifacts/dqn/phase13-v1/latest_checkpoint.pt
test-id,759,PROFILE,3,11,1446820155,True,8.8,4,4,0,4,0,0,0,True,False,NA,NA,artifacts/dqn/phase13-v1/latest_checkpoint.pt
test-id,769,PROFILE,3,22,1517051988,True,8.8,4,4,0,4,0,0,0,True,False,NA,NA,artifacts/dqn/phase13-v1/latest_checkpoint.pt
test-id,779,PROFILE,3,33,1642482144,True,8.8,4,4,0,4,0,0,0,True,False,NA,NA,artifacts/dqn/phase13-v1/latest_checkpoint.pt
test-id,789,PROFILE,3,44,1201644069,True,8.8,4,4,0,4,0,0,0,True,False,NA,NA,artifacts/dqn/phase13-v1/latest_checkpoint.pt
test-id,799,PROFILE,3,55,2062499285,True,8.8,4,4,0,4,0,0,0,True,False,NA,NA,artifacts/dqn/phase13-v1/latest_checkpoint.pt
test-id,809,PROFILE,4,11,1371098482,True,8.8,4,4,0,4,0,0,0,True,False,NA,NA,artifacts/dqn/phase13-v1/latest_checkpoint.pt
test-id,819,PROFILE,4,22,1183552275,True,8.8,4,4,0,4,0,0,0,True,False,NA,NA,artifacts/dqn/phase13-v1/latest_checkpoint.pt
test-id,829,PROFILE,4,33,900986020,True,8.8,4,4,0,4,0,0,0,True,False,NA,NA,artifacts/dqn/phase13-v1/latest_checkpoint.pt
test-id,839,PROFILE,4,44,745033332,True,8.8,4,4,0,4,0,0,0,True,False,NA,NA,artifacts/dqn/phase13-v1/latest_checkpoint.pt
test-id,849,PROFILE,4,55,2054439673,True,8.8,4,4,0,4,0,0,0,True,False,NA,NA,artifacts/dqn/phase13-v1/latest_checkpoint.pt
test-id,859,PROFILE,5,11,1732398670,True,8.8,4,4,0,4,0,0,0,True,False,NA,NA,artifacts/dqn/phase13-v1/latest_checkpoint.pt
test-id,869,PROFILE,5,22,107093657,True,8.8,4,4,0,4,0,0,0,True,False,NA,NA,artifacts/dqn/phase13-v1/latest_checkpoint.pt
test-id,879,PROFILE,5,33,457160503,True,8.8,4,4,0,4,0,0,0,True,False,NA,NA,artifacts/dqn/phase13-v1/latest_checkpoint.pt
test-id,889,PROFILE,5,44,1428513220,True,8.8,4,4,0,4,0,0,0,True,False,NA,NA,artifacts/dqn/phase13-v1/latest_checkpoint.pt
test-id,899,PROFILE,5,55,1354460387,True,8.8,4,4,0,4,0,0,0,True,False,NA,NA,artifacts/dqn/phase13-v1/latest_checkpoint.pt
test-id,909,CHECKOUT,0,11,467054654,True,9.75,5,5,0,5,0,0,0,True,False,NA,NA,artifacts/dqn/phase13-v1/latest_checkpoint.pt
test-id,919,CHECKOUT,0,22,1058446833,True,9.75,5,5,0,5,0,0,0,True,False,NA,NA,artifacts/dqn/phase13-v1/latest_checkpoint.pt
test-id,929,CHECKOUT,0,33,1863512115,True,9.75,5,5,0,5,0,0,0,True,False,NA,NA,artifacts/dqn/phase13-v1/latest_checkpoint.pt
test-id,939,CHECKOUT,0,44,1177185002,True,9.75,5,5,0,5,0,0,0,True,False,NA,NA,artifacts/dqn/phase13-v1/latest_checkpoint.pt
test-id,949,CHECKOUT,0,55,773240714,True,9.75,5,5,0,5,0,0,0,True,False,NA,NA,artifacts/dqn/phase13-v1/latest_checkpoint.pt
test-id,959,CHECKOUT,1,11,1587881970,True,9.75,5,5,0,5,0,0,0,True,False,NA,NA,artifacts/dqn/phase13-v1/latest_checkpoint.pt
test-id,969,CHECKOUT,1,22,1314998530,True,9.75,5,5,0,5,0,0,0,True,False,NA,NA,artifacts/dqn/phase13-v1/latest_checkpoint.pt
test-id,979,CHECKOUT,1,33,921611817,True,9.75,5,5,0,5,0,0,0,True,False,NA,NA,artifacts/dqn/phase13-v1/latest_checkpoint.pt
test-id,989,CHECKOUT,1,44,1383091831,True,9.75,5,5,0,5,0,0,0,True,False,NA,NA,artifacts/dqn/phase13-v1/latest_checkpoint.pt
test-id,999,CHECKOUT,1,55,604787484,True,9.75,5,5,0,5,0,0,0,True,False,NA,NA,artifacts/dqn/phase13-v1/latest_checkpoint.pt
test-id,1009,CHECKOUT,2,11,1745613327,True,9.75,5,5,0,5,0,0,0,True,False,NA,NA,artifacts/dqn/phase13-v1/latest_checkpoint.pt
test-id,1019,CHECKOUT,2,22,1118427591,True,9.75,5,5,0,5,0,0,0,True,False,NA,NA,artifacts/dqn/phase13-v1/latest_checkpoint.pt
test-id,1029,CHECKOUT,2,33,1450458567,True,9.75,5,5,0,5,0,0,0,True,False,NA,NA,artifacts/dqn/phase13-v1/latest_checkpoint.pt
test-id,1039,CHECKOUT,2,44,1595538722,True,9.75,5,5,0,5,0,0,0,True,False,NA,NA,artifacts/dqn/phase13-v1/latest_checkpoint.pt
test-id,1049,CHECKOUT,2,55,689118521,True,9.75,5,5,0,5,0,0,0,True,False,NA,NA,artifacts/dqn/phase13-v1/latest_checkpoint.pt
test-id,1059,CHECKOUT,3,11,491084684,True,9.75,5,5,0,5,0,0,0,True,False,NA,NA,artifacts/dqn/phase13-v1/latest_checkpoint.pt
test-id,1069,CHECKOUT,3,22,1176036905,True,9.75,5,5,0,5,0,0,0,True,False,NA,NA,artifacts/dqn/phase13-v1/latest_checkpoint.pt
test-id,1079,CHECKOUT,3,33,1977708377,True,9.75,5,5,0,5,0,0,0,True,False,NA,NA,artifacts/dqn/phase13-v1/latest_checkpoint.pt
test-id,1089,CHECKOUT,3,44,1943029226,True,9.75,5,5,0,5,0,0,0,True,False,NA,NA,artifacts/dqn/phase13-v1/latest_checkpoint.pt
test-id,1099,CHECKOUT,3,55,1939338434,True,9.75,5,5,0,5,0,0,0,True,False,NA,NA,artifacts/dqn/phase13-v1/latest_checkpoint.pt
test-id,1109,CHECKOUT,4,11,527157931,True,9.75,5,5,0,5,0,0,0,True,False,NA,NA,artifacts/dqn/phase13-v1/latest_checkpoint.pt
test-id,1119,CHECKOUT,4,22,1325074656,True,9.75,5,5,0,5,0,0,0,True,False,NA,NA,artifacts/dqn/phase13-v1/latest_checkpoint.pt
test-id,1129,CHECKOUT,4,33,2060844405,True,9.75,5,5,0,5,0,0,0,True,False,NA,NA,artifacts/dqn/phase13-v1/latest_checkpoint.pt
test-id,1139,CHECKOUT,4,44,1241953547,True,9.75,5,5,0,5,0,0,0,True,False,NA,NA,artifacts/dqn/phase13-v1/latest_checkpoint.pt
test-id,1149,CHECKOUT,4,55,1402901377,True,9.75,5,5,0,5,0,0,0,True,False,NA,NA,artifacts/dqn/phase13-v1/latest_checkpoint.pt
test-id,1159,CHECKOUT,5,11,1171980051,True,9.75,5,5,0,5,0,0,0,True,False,NA,NA,artifacts/dqn/phase13-v1/latest_checkpoint.pt
test-id,1169,CHECKOUT,5,22,181324286,True,9.75,5,5,0,5,0,0,0,True,False,NA,NA,artifacts/dqn/phase13-v1/latest_checkpoint.pt
test-id,1179,CHECKOUT,5,33,1851776345,True,9.75,5,5,0,5,0,0,0,True,False,NA,NA,artifacts/dqn/phase13-v1/latest_checkpoint.pt
test-id,1189,CHECKOUT,5,44,1001092612,True,9.75,5,5,0,5,0,0,0,True,False,NA,NA,artifacts/dqn/phase13-v1/latest_checkpoint.pt
test-id,1199,CHECKOUT,5,55,1099354074,True,9.75,5,5,0,5,0,0,0,True,False,NA,NA,artifacts/dqn/phase13-v1/latest_checkpoint.pt
test-l6,1200,LOGIN,6,11,1919928760,True,8.8,4,4,0,4,0,0,0,True,False,NA,NA,artifacts/dqn/phase13-v1/latest_checkpoint.pt
test-l6,1201,LOGIN,6,11,2082329727,True,8.8,4,4,0,4,0,0,0,True,False,NA,NA,artifacts/dqn/phase13-v1/latest_checkpoint.pt
test-l6,1202,LOGIN,6,11,456888415,True,8.8,4,4,0,4,0,0,0,True,False,NA,NA,artifacts/dqn/phase13-v1/latest_checkpoint.pt
test-l6,1203,LOGIN,6,11,838499146,True,8.8,4,4,0,4,0,0,0,True,False,NA,NA,artifacts/dqn/phase13-v1/latest_checkpoint.pt
test-l6,1204,LOGIN,6,11,829161763,True,8.8,4,4,0,4,0,0,0,True,False,NA,NA,artifacts/dqn/phase13-v1/latest_checkpoint.pt
test-l6,1205,LOGIN,6,22,1612970810,True,8.8,4,4,0,4,0,0,0,True,False,NA,NA,artifacts/dqn/phase13-v1/latest_checkpoint.pt
test-l6,1206,LOGIN,6,22,58410522,True,8.8,4,4,0,4,0,0,0,True,False,NA,NA,artifacts/dqn/phase13-v1/latest_checkpoint.pt
test-l6,1207,LOGIN,6,22,1662098534,True,8.8,4,4,0,4,0,0,0,True,False,NA,NA,artifacts/dqn/phase13-v1/latest_checkpoint.pt
test-l6,1208,LOGIN,6,22,370038298,True,8.8,4,4,0,4,0,0,0,True,False,NA,NA,artifacts/dqn/phase13-v1/latest_checkpoint.pt
test-l6,1209,LOGIN,6,22,16785695,True,8.8,4,4,0,4,0,0,0,True,False,NA,NA,artifacts/dqn/phase13-v1/latest_checkpoint.pt
test-l6,1210,LOGIN,6,33,1991458653,True,8.8,4,4,0,4,0,0,0,True,False,NA,NA,artifacts/dqn/phase13-v1/latest_checkpoint.pt
test-l6,1211,LOGIN,6,33,1957331802,True,8.8,4,4,0,4,0,0,0,True,False,NA,NA,artifacts/dqn/phase13-v1/latest_checkpoint.pt
test-l6,1212,LOGIN,6,33,1383575747,True,8.8,4,4,0,4,0,0,0,True,False,NA,NA,artifacts/dqn/phase13-v1/latest_checkpoint.pt
test-l6,1213,LOGIN,6,33,1431917264,True,8.8,4,4,0,4,0,0,0,True,False,NA,NA,artifacts/dqn/phase13-v1/latest_checkpoint.pt
test-l6,1214,LOGIN,6,33,976328766,True,8.8,4,4,0,4,0,0,0,True,False,NA,NA,artifacts/dqn/phase13-v1/latest_checkpoint.pt
test-l6,1215,LOGIN,6,44,1290508941,True,8.8,4,4,0,4,0,0,0,True,False,NA,NA,artifacts/dqn/phase13-v1/latest_checkpoint.pt
test-l6,1216,LOGIN,6,44,1016706523,True,8.8,4,4,0,4,0,0,0,True,False,NA,NA,artifacts/dqn/phase13-v1/latest_checkpoint.pt
test-l6,1217,LOGIN,6,44,628142604,True,8.8,4,4,0,4,0,0,0,True,False,NA,NA,artifacts/dqn/phase13-v1/latest_checkpoint.pt
test-l6,1218,LOGIN,6,44,1676618401,True,8.8,4,4,0,4,0,0,0,True,False,NA,NA,artifacts/dqn/phase13-v1/latest_checkpoint.pt
test-l6,1219,LOGIN,6,44,57014780,True,8.8,4,4,0,4,0,0,0,True,False,NA,NA,artifacts/dqn/phase13-v1/latest_checkpoint.pt
test-l6,1220,LOGIN,6,55,1400431241,True,8.8,4,4,0,4,0,0,0,True,False,NA,NA,artifacts/dqn/phase13-v1/latest_checkpoint.pt
test-l6,1221,LOGIN,6,55,70404324,True,8.8,4,4,0,4,0,0,0,True,False,NA,NA,artifacts/dqn/phase13-v1/latest_checkpoint.pt
test-l6,1222,LOGIN,6,55,22028253,True,8.8,4,4,0,4,0,0,0,True,False,NA,NA,artifacts/dqn/phase13-v1/latest_checkpoint.pt
test-l6,1223,LOGIN,6,55,2096275228,True,8.8,4,4,0,4,0,0,0,True,False,NA,NA,artifacts/dqn/phase13-v1/latest_checkpoint.pt
test-l6,1224,LOGIN,6,55,1439281407,True,8.8,4,4,0,4,0,0,0,True,False,NA,NA,artifacts/dqn/phase13-v1/latest_checkpoint.pt
test-l6,1225,SEARCH,6,11,1346224392,True,7.85,3,3,0,3,0,0,0,True,False,NA,NA,artifacts/dqn/phase13-v1/latest_checkpoint.pt
test-l6,1226,SEARCH,6,11,782866653,True,7.85,3,3,0,3,0,0,0,True,False,NA,NA,artifacts/dqn/phase13-v1/latest_checkpoint.pt
test-l6,1227,SEARCH,6,11,1200672564,True,7.85,3,3,0,3,0,0,0,True,False,NA,NA,artifacts/dqn/phase13-v1/latest_checkpoint.pt
test-l6,1228,SEARCH,6,11,1765105488,True,7.85,3,3,0,3,0,0,0,True,False,NA,NA,artifacts/dqn/phase13-v1/latest_checkpoint.pt
test-l6,1229,SEARCH,6,11,330674365,True,7.85,3,3,0,3,0,0,0,True,False,NA,NA,artifacts/dqn/phase13-v1/latest_checkpoint.pt
test-l6,1230,SEARCH,6,22,544715567,True,7.85,3,3,0,3,0,0,0,True,False,NA,NA,artifacts/dqn/phase13-v1/latest_checkpoint.pt
test-l6,1231,SEARCH,6,22,1323703645,True,7.85,3,3,0,3,0,0,0,True,False,NA,NA,artifacts/dqn/phase13-v1/latest_checkpoint.pt
test-l6,1232,SEARCH,6,22,330054430,True,7.85,3,3,0,3,0,0,0,True,False,NA,NA,artifacts/dqn/phase13-v1/latest_checkpoint.pt
test-l6,1233,SEARCH,6,22,210940910,True,7.85,3,3,0,3,0,0,0,True,False,NA,NA,artifacts/dqn/phase13-v1/latest_checkpoint.pt
test-l6,1234,SEARCH,6,22,1102344210,True,7.85,3,3,0,3,0,0,0,True,False,NA,NA,artifacts/dqn/phase13-v1/latest_checkpoint.pt
test-l6,1235,SEARCH,6,33,1735702974,True,7.85,3,3,0,3,0,0,0,True,False,NA,NA,artifacts/dqn/phase13-v1/latest_checkpoint.pt
test-l6,1236,SEARCH,6,33,1885425527,True,7.85,3,3,0,3,0,0,0,True,False,NA,NA,artifacts/dqn/phase13-v1/latest_checkpoint.pt
test-l6,1237,SEARCH,6,33,550866656,True,7.85,3,3,0,3,0,0,0,True,False,NA,NA,artifacts/dqn/phase13-v1/latest_checkpoint.pt
test-l6,1238,SEARCH,6,33,943314394,True,7.85,3,3,0,3,0,0,0,True,False,NA,NA,artifacts/dqn/phase13-v1/latest_checkpoint.pt
test-l6,1239,SEARCH,6,33,765254948,True,7.85,3,3,0,3,0,0,0,True,False,NA,NA,artifacts/dqn/phase13-v1/latest_checkpoint.pt
test-l6,1240,SEARCH,6,44,380066769,True,7.85,3,3,0,3,0,0,0,True,False,NA,NA,artifacts/dqn/phase13-v1/latest_checkpoint.pt
test-l6,1241,SEARCH,6,44,1534249492,True,7.85,3,3,0,3,0,0,0,True,False,NA,NA,artifacts/dqn/phase13-v1/latest_checkpoint.pt
test-l6,1242,SEARCH,6,44,1693937197,True,7.85,3,3,0,3,0,0,0,True,False,NA,NA,artifacts/dqn/phase13-v1/latest_checkpoint.pt
test-l6,1243,SEARCH,6,44,733223503,True,7.85,3,3,0,3,0,0,0,True,False,NA,NA,artifacts/dqn/phase13-v1/latest_checkpoint.pt
test-l6,1244,SEARCH,6,44,1464787442,True,7.85,3,3,0,3,0,0,0,True,False,NA,NA,artifacts/dqn/phase13-v1/latest_checkpoint.pt
test-l6,1245,SEARCH,6,55,2069777260,True,7.85,3,3,0,3,0,0,0,True,False,NA,NA,artifacts/dqn/phase13-v1/latest_checkpoint.pt
test-l6,1246,SEARCH,6,55,529755134,True,7.85,3,3,0,3,0,0,0,True,False,NA,NA,artifacts/dqn/phase13-v1/latest_checkpoint.pt
test-l6,1247,SEARCH,6,55,2080338228,True,7.85,3,3,0,3,0,0,0,True,False,NA,NA,artifacts/dqn/phase13-v1/latest_checkpoint.pt
test-l6,1248,SEARCH,6,55,1614627961,True,7.85,3,3,0,3,0,0,0,True,False,NA,NA,artifacts/dqn/phase13-v1/latest_checkpoint.pt
test-l6,1249,SEARCH,6,55,435558473,True,7.85,3,3,0,3,0,0,0,True,False,NA,NA,artifacts/dqn/phase13-v1/latest_checkpoint.pt
test-l6,1250,PROFILE,6,11,1170849042,True,8.8,4,4,0,4,0,0,0,True,False,NA,NA,artifacts/dqn/phase13-v1/latest_checkpoint.pt
test-l6,1251,PROFILE,6,11,646737291,True,8.8,4,4,0,4,0,0,0,True,False,NA,NA,artifacts/dqn/phase13-v1/latest_checkpoint.pt
test-l6,1252,PROFILE,6,11,1993959151,True,8.8,4,4,0,4,0,0,0,True,False,NA,NA,artifacts/dqn/phase13-v1/latest_checkpoint.pt
test-l6,1253,PROFILE,6,11,591590300,True,8.8,4,4,0,4,0,0,0,True,False,NA,NA,artifacts/dqn/phase13-v1/latest_checkpoint.pt
test-l6,1254,PROFILE,6,11,203567350,True,8.8,4,4,0,4,0,0,0,True,False,NA,NA,artifacts/dqn/phase13-v1/latest_checkpoint.pt
test-l6,1255,PROFILE,6,22,275350333,True,8.8,4,4,0,4,0,0,0,True,False,NA,NA,artifacts/dqn/phase13-v1/latest_checkpoint.pt
test-l6,1256,PROFILE,6,22,1902790339,True,8.8,4,4,0,4,0,0,0,True,False,NA,NA,artifacts/dqn/phase13-v1/latest_checkpoint.pt
test-l6,1257,PROFILE,6,22,1200778895,True,8.8,4,4,0,4,0,0,0,True,False,NA,NA,artifacts/dqn/phase13-v1/latest_checkpoint.pt
test-l6,1258,PROFILE,6,22,819813987,True,8.8,4,4,0,4,0,0,0,True,False,NA,NA,artifacts/dqn/phase13-v1/latest_checkpoint.pt
test-l6,1259,PROFILE,6,22,593960395,True,8.8,4,4,0,4,0,0,0,True,False,NA,NA,artifacts/dqn/phase13-v1/latest_checkpoint.pt
test-l6,1260,PROFILE,6,33,919928935,True,8.8,4,4,0,4,0,0,0,True,False,NA,NA,artifacts/dqn/phase13-v1/latest_checkpoint.pt
test-l6,1261,PROFILE,6,33,1849644370,True,8.8,4,4,0,4,0,0,0,True,False,NA,NA,artifacts/dqn/phase13-v1/latest_checkpoint.pt
test-l6,1262,PROFILE,6,33,1790884388,True,8.8,4,4,0,4,0,0,0,True,False,NA,NA,artifacts/dqn/phase13-v1/latest_checkpoint.pt
test-l6,1263,PROFILE,6,33,97040849,True,8.8,4,4,0,4,0,0,0,True,False,NA,NA,artifacts/dqn/phase13-v1/latest_checkpoint.pt
test-l6,1264,PROFILE,6,33,1777216938,True,8.8,4,4,0,4,0,0,0,True,False,NA,NA,artifacts/dqn/phase13-v1/latest_checkpoint.pt
test-l6,1265,PROFILE,6,44,2052329149,True,8.8,4,4,0,4,0,0,0,True,False,NA,NA,artifacts/dqn/phase13-v1/latest_checkpoint.pt
test-l6,1266,PROFILE,6,44,805225036,True,8.8,4,4,0,4,0,0,0,True,False,NA,NA,artifacts/dqn/phase13-v1/latest_checkpoint.pt
test-l6,1267,PROFILE,6,44,1275712147,True,8.8,4,4,0,4,0,0,0,True,False,NA,NA,artifacts/dqn/phase13-v1/latest_checkpoint.pt
test-l6,1268,PROFILE,6,44,64837021,True,8.8,4,4,0,4,0,0,0,True,False,NA,NA,artifacts/dqn/phase13-v1/latest_checkpoint.pt
test-l6,1269,PROFILE,6,44,1485460886,True,8.8,4,4,0,4,0,0,0,True,False,NA,NA,artifacts/dqn/phase13-v1/latest_checkpoint.pt
test-l6,1270,PROFILE,6,55,1454851400,True,8.8,4,4,0,4,0,0,0,True,False,NA,NA,artifacts/dqn/phase13-v1/latest_checkpoint.pt
test-l6,1271,PROFILE,6,55,888782640,True,8.8,4,4,0,4,0,0,0,True,False,NA,NA,artifacts/dqn/phase13-v1/latest_checkpoint.pt
test-l6,1272,PROFILE,6,55,247631297,True,8.8,4,4,0,4,0,0,0,True,False,NA,NA,artifacts/dqn/phase13-v1/latest_checkpoint.pt
test-l6,1273,PROFILE,6,55,83350539,True,8.8,4,4,0,4,0,0,0,True,False,NA,NA,artifacts/dqn/phase13-v1/latest_checkpoint.pt
test-l6,1274,PROFILE,6,55,1005516526,True,8.8,4,4,0,4,0,0,0,True,False,NA,NA,artifacts/dqn/phase13-v1/latest_checkpoint.pt
test-l6,1275,CHECKOUT,6,11,1103509315,True,9.75,5,5,0,5,0,0,0,True,False,NA,NA,artifacts/dqn/phase13-v1/latest_checkpoint.pt
test-l6,1276,CHECKOUT,6,11,1174148775,True,9.75,5,5,0,5,0,0,0,True,False,NA,NA,artifacts/dqn/phase13-v1/latest_checkpoint.pt
test-l6,1277,CHECKOUT,6,11,1117014183,True,9.75,5,5,0,5,0,0,0,True,False,NA,NA,artifacts/dqn/phase13-v1/latest_checkpoint.pt
test-l6,1278,CHECKOUT,6,11,1146453807,True,9.75,5,5,0,5,0,0,0,True,False,NA,NA,artifacts/dqn/phase13-v1/latest_checkpoint.pt
test-l6,1279,CHECKOUT,6,11,662022486,True,9.75,5,5,0,5,0,0,0,True,False,NA,NA,artifacts/dqn/phase13-v1/latest_checkpoint.pt
test-l6,1280,CHECKOUT,6,22,1323457613,True,9.75,5,5,0,5,0,0,0,True,False,NA,NA,artifacts/dqn/phase13-v1/latest_checkpoint.pt
test-l6,1281,CHECKOUT,6,22,837661853,True,9.75,5,5,0,5,0,0,0,True,False,NA,NA,artifacts/dqn/phase13-v1/latest_checkpoint.pt
test-l6,1282,CHECKOUT,6,22,2006441416,True,9.75,5,5,0,5,0,0,0,True,False,NA,NA,artifacts/dqn/phase13-v1/latest_checkpoint.pt
test-l6,1283,CHECKOUT,6,22,1656707150,True,9.75,5,5,0,5,0,0,0,True,False,NA,NA,artifacts/dqn/phase13-v1/latest_checkpoint.pt
test-l6,1284,CHECKOUT,6,22,1938059978,True,9.75,5,5,0,5,0,0,0,True,False,NA,NA,artifacts/dqn/phase13-v1/latest_checkpoint.pt
test-l6,1285,CHECKOUT,6,33,1428635996,True,9.75,5,5,0,5,0,0,0,True,False,NA,NA,artifacts/dqn/phase13-v1/latest_checkpoint.pt
test-l6,1286,CHECKOUT,6,33,1178882778,True,9.75,5,5,0,5,0,0,0,True,False,NA,NA,artifacts/dqn/phase13-v1/latest_checkpoint.pt
test-l6,1287,CHECKOUT,6,33,1684571841,True,9.75,5,5,0,5,0,0,0,True,False,NA,NA,artifacts/dqn/phase13-v1/latest_checkpoint.pt
test-l6,1288,CHECKOUT,6,33,186595775,True,9.75,5,5,0,5,0,0,0,True,False,NA,NA,artifacts/dqn/phase13-v1/latest_checkpoint.pt
test-l6,1289,CHECKOUT,6,33,27019932,True,9.75,5,5,0,5,0,0,0,True,False,NA,NA,artifacts/dqn/phase13-v1/latest_checkpoint.pt
test-l6,1290,CHECKOUT,6,44,706517993,True,9.75,5,5,0,5,0,0,0,True,False,NA,NA,artifacts/dqn/phase13-v1/latest_checkpoint.pt
test-l6,1291,CHECKOUT,6,44,2101629668,True,9.75,5,5,0,5,0,0,0,True,False,NA,NA,artifacts/dqn/phase13-v1/latest_checkpoint.pt
test-l6,1292,CHECKOUT,6,44,1661244701,True,9.75,5,5,0,5,0,0,0,True,False,NA,NA,artifacts/dqn/phase13-v1/latest_checkpoint.pt
test-l6,1293,CHECKOUT,6,44,434046319,True,9.75,5,5,0,5,0,0,0,True,False,NA,NA,artifacts/dqn/phase13-v1/latest_checkpoint.pt
test-l6,1294,CHECKOUT,6,44,1499878753,True,9.75,5,5,0,5,0,0,0,True,False,NA,NA,artifacts/dqn/phase13-v1/latest_checkpoint.pt
test-l6,1295,CHECKOUT,6,55,275924321,True,9.75,5,5,0,5,0,0,0,True,False,NA,NA,artifacts/dqn/phase13-v1/latest_checkpoint.pt
test-l6,1296,CHECKOUT,6,55,607660607,True,9.75,5,5,0,5,0,0,0,True,False,NA,NA,artifacts/dqn/phase13-v1/latest_checkpoint.pt
test-l6,1297,CHECKOUT,6,55,179746820,True,9.75,5,5,0,5,0,0,0,True,False,NA,NA,artifacts/dqn/phase13-v1/latest_checkpoint.pt
test-l6,1298,CHECKOUT,6,55,1257327041,True,9.75,5,5,0,5,0,0,0,True,False,NA,NA,artifacts/dqn/phase13-v1/latest_checkpoint.pt
test-l6,1299,CHECKOUT,6,55,523628382,True,9.75,5,5,0,5,0,0,0,True,False,NA,NA,artifacts/dqn/phase13-v1/latest_checkpoint.pt
