split,workflow,episodes,success_count,success_rate,mean_return,mean_steps,mean_wrong_actions
validation,LOGIN,30,30,100.0,8.8,4.0,0.0
validation,SEARCH,30,30,100.0,7.85,3.0,0.0
validation,PROFILE,30,30,100.0,8.8,4.0,0.0
validation,CHECKOUT,30,30,100.0,9.75,5.0,0.0
test-id,LOGIN,30,30,100.0,8.8,4.0,0.0
test-id,SEARCH,30,30,100.0,7.85,3.0,0.0
test-id,PROFILE,30,30,100.0,8.8,4.0,0.0
test-id,CHECKOUT,30,30,100.0,9.75,5.0,0.0
test-l6,LOGIN,25,25,100.0,8.8,4.0,0.0
test-l6,SEARCH,25,25,100.0,7.85,3.0,0.0
test-l6,PROFILE,25,25,100.0,8.8,4.0,0.0
test-l6,CHECKOUT,25,25,100.0,9.75,5.0,0.0
